,index_ciras,PLOT,TRTMNT,FEAT,BOTREP,BOTID,CIRASFLX_L,CIRASFLX_Q,CIRAS_T,timestamp_ciras,index_fluxbot,timestamp_fluxbot,year,month,day,hour,event_number,avg_temp_degC,avg_pressure_hPa,avg_rel_humidity,ambient_humidity,final_humidity,ambient_CO2_kg,ambient_CO2_ppm,beta,duration_sec,change_in_CO2_kg,1st_order_beta_0,1st_order_beta_0_max,1st_order_beta_0_min,1st_order_r_sq,2nd_order_beta_0,2nd_order_beta_0_max,2nd_order_beta_0_min,2nd_order_beta_1,2nd_order_beta_1_max,2nd_order_beta_1_min,2nd_order_r_sq,flux_umol_m2_sec,flux_max_umol_m2_sec,flux_min_umol_m2_sec,qaqc_flags,datafile,chamber_volume_cm3,chamber_area_cm2,treatment,block,location,replicate,delta_T
0,0,N,O,OM,2,NO OM 2,2.55,2.47,8/17/19 10:34,2019-08-17 10:34:00,1423,2019-08-17 10:55:21,2019,8,17,11,132, 30.8,810.4, 36.7,31.1, 39.4,7.909999999999999e-07,279.0,2.69E-09,278.0,7.47E-07,2.45E-09,2.52E-09,2.38E-09,0.930,2.687E-09,2.75E-09,2.62E-09,-1.12E-12,6.64E-11,-6.86E-11,0.933,4.197,4.302,4.091,0,data/avgP/NO_OM2.csv,2758,145.5,O,Northern,Termite Soil,2,0 days 00:21:21
0,1,N,MWC,OM,1,NMWC OM 1,3.47,3.07,8/15/19 12:05,2019-08-15 12:05:00,5626,2019-08-15 11:55:21,2019,8,15,12,211, 33.9,811.5, 40.4,31.1, 40.1,1.2699999999999999e-07,53.0,1.60E-08,278.0,4.46E-06,8.83E-09,9.34E-09,8.32E-09,0.423,1.604E-08,1.63E-08,1.58E-08,-3.45E-11,2.15E-10,-2.84E-10,0.862,25.054,25.445,24.664,0,data/avgP/NMWC_OM1.csv,2758,145.5,MWC,Northern,Termite Soil,1,0 days 00:09:39
0,2,N,MWC,OM,1,NMWC OM 1,4.03,3.62,8/13/19 12:01,2019-08-13 12:01:00,5579,2019-08-13 11:56:18,2019,8,13,12,164, 30.1,812.8, 51.4,36.6, 54.2,1.45e-07,65.0,4.13E-09,278.0,1.15E-06,4.13E-09,4.20E-09,4.06E-09,0.979,3.669E-09,3.73E-09,3.60E-09,2.20E-12,6.83E-11,-6.39E-11,0.983,6.447,6.559,6.335,0,data/avgP/NMWC_OM1.csv,2758,145.5,MWC,Northern,Termite Soil,1,0 days 00:04:42
0,3,N,O,OM,2,NO OM 2,2.6,2.5,8/20/19 10:36,2019-08-20 10:36:00,1437,2019-08-20 10:55:21,2019,8,20,11,148, 31.2,811.3, 39.1,32.3, 41.1,1.15e-06,378.0,4.31E-09,278.0,1.20E-06,4.25E-09,4.32E-09,4.19E-09,0.984,4.308E-09,4.37E-09,4.24E-09,-2.59E-13,6.68E-11,-6.73E-11,0.984,6.727,6.832,6.622,0,data/avgP/NO_OM2.csv,2758,145.5,O,Northern,Termite Soil,2,0 days 00:19:21
0,4,N,O,UT,1,NO UT 1,1.81,1.36,8/13/19 12:53,2019-08-13 12:53:00,13190,2019-08-13 12:55:21,2019,8,13,13,494, 35.3,811.5, 43.5,27.9, 48.4,3.09e-07,140.0,2.07E-09,278.0,5.76E-07,1.26E-09,1.35E-09,1.18E-09,0.204,2.073E-09,2.14E-09,2.01E-09,-3.88E-12,6.32E-11,-7.10E-11,0.490,3.237,3.342,3.132,0,data/avgP/NO_UT1.csv,2758,145.5,O,Northern,Under Tree,1,0 days 00:02:21
0,5,N,O,OM,1,NO OM 1,2.67,2.71,8/20/19 10:09,2019-08-20 10:09:00,2717,2019-08-20 09:55:21,2019,8,20,10,281, 24.5,818.6, 49.6,45.8, 50.7,7.970000000000001e-07,267.0,6.08E-10,278.0,1.69E-07,5.43E-10,5.73E-10,5.12E-10,0.761,6.084E-10,6.39E-10,5.78E-10,-3.14E-13,3.00E-11,-3.07E-11,0.765,0.95,0.998,0.903,0,data/avgP/NO_OM1.csv,2758,145.5,O,Northern,Termite Soil,1,0 days 00:13:39
0,6,N,O,OM,2,NO OM 2,4.29,4.28,8/8/19 14:58,2019-08-08 14:58:00,1340,2019-08-08 14:55:21,2019,8,8,15,14, 31.3,811.0, 32.6,29.0, 33.5,8.620000000000001e-07,263.0,3.48E-09,278.0,9.67E-07,3.32E-09,3.39E-09,3.25E-09,0.974,3.478E-09,3.55E-09,3.41E-09,-7.78E-13,6.78E-11,-6.94E-11,0.975,5.432,5.539,5.325,0,data/avgP/NO_OM2.csv,2758,145.5,O,Northern,Termite Soil,2,0 days 00:02:39
0,7,N,MWC,OM,1,NMWC OM 1,3.82,3.36,8/20/19 9:45,2019-08-20 09:45:00,5742,2019-08-20 09:55:21,2019,8,20,10,327, 26.9,818.6, 47.2,43.4, 47.9,2.19e-07,80.0,1.20E-08,278.0,3.35E-06,7.40E-09,7.69E-09,7.11E-09,0.826,1.205E-08,1.21E-08,1.20E-08,-2.22E-11,3.71E-11,-8.16E-11,0.993,18.812,18.905,18.719,0,data/avgP/NMWC_OM1.csv,2758,145.5,MWC,Northern,Termite Soil,1,0 days 00:10:21
0,8,N,MWC,OM,1,NMWC OM 1,3.04,2.8,8/9/19 14:46,2019-08-09 14:46:00,5551,2019-08-09 14:55:21,2019,8,9,15,136, 38.7,797.0, 24.2,15.8, 25.8,4.79e-07,145.0,2.00E-08,278.0,5.57E-06,2.00E-08,2.07E-08,1.93E-08,0.942,1.332E-08,1.39E-08,1.28E-08,3.22E-11,5.81E-10,-5.16E-10,0.963,31.287,32.36,30.214,0,data/avgP/NMWC_OM1.csv,2758,145.5,MWC,Northern,Termite Soil,1,0 days 00:09:21
0,9,N,O,OM,2,NO OM 2,3.23,3.09,8/14/19 10:55,2019-08-14 10:55:00,1376,2019-08-14 10:56:19,2019,8,14,11,80, 29.7,813.5, 45.3,36.7, 47.7,7.74e-07,254.0,2.13E-09,278.0,5.93E-07,2.13E-09,2.17E-09,2.09E-09,0.974,1.955E-09,2.00E-09,1.91E-09,8.48E-13,4.16E-11,-3.99E-11,0.976,3.33,3.396,3.264,0,data/avgP/NO_OM2.csv,2758,145.5,O,Northern,Termite Soil,2,0 days 00:01:19
0,10,N,O,UT,3,NO UT 3,1.63,1.36,8/16/19 15:50,2019-08-16 15:50:00,17497,2019-08-16 15:55:21,2019,8,16,16,149, 30.5,814.9, 34.5,30.1, 36.0,6e-07,155.0,8.93E-10,278.0,2.48E-07,8.93E-10,9.78E-10,8.09E-10,0.776,-1.436E-10,-8.87E-11,-1.98E-10,4.96E-12,5.99E-11,-4.99E-11,0.905,1.395,1.527,1.264,0,data/avgP/NO_UT3.csv,2758,145.5,O,Northern,Under Tree,3,0 days 00:05:21
0,11,N,O,OS,3,NO OS 3,1.28,1.04,8/20/19 10:26,2019-08-20 10:26:00,18793,2019-08-20 10:55:21,2019,8,20,11,243, 33.4,811.3, 34.7,30.4, 35.4,2.95e-07,105.0,-4.18E-11,278.0,-1.16E-08,-4.18E-11,3.93E-12,-8.75E-11,-0.322,-2.807E-10,-2.37E-10,-3.24E-10,1.14E-12,4.45E-11,-4.22E-11,-0.185,-0.065,0.006,-0.137,0,data/avgP/NO_OS3.csv,2758,145.5,O,Northern,Open Soil,3,0 days 00:29:21
0,12,N,MWC,OS,3,NMWC OS 3,1.67,1.38,8/13/19 11:32,2019-08-13 11:32:00,21928,2019-08-13 11:55:21,2019,8,13,12,129, 34.3,812.8, 41.2,29.1, 42.3,3.55e-07,116.0,1.05E-09,278.0,2.93E-07,9.57E-10,1.01E-09,9.07E-10,0.767,1.053E-09,1.10E-09,1.00E-09,-4.60E-13,4.90E-11,-5.00E-11,0.771,1.645,1.722,1.567,0,data/avgP/NMWC_OS3.csv,2758,145.5,MWC,Northern,Open Soil,3,0 days 00:23:21
0,13,N,O,UT,1,NO UT 1,0.61,0.62,8/15/19 10:41,2019-08-15 10:41:00,13235,2019-08-15 09:55:21,2019,8,15,10,539, 29.6,819.0, 40.6,34.6, 42.6,4.44e-07,143.0,8.80E-10,278.0,2.45E-07,7.58E-10,7.83E-10,7.32E-10,0.912,8.804E-10,9.04E-10,8.56E-10,-5.88E-13,2.34E-11,-2.45E-11,0.920,1.375,1.412,1.337,0,data/avgP/NO_UT1.csv,2758,145.5,O,Northern,Under Tree,1,0 days 00:45:39
0,14,N,O,UT,1,NO UT 1,0.62,0.49,8/16/19 10:06,2019-08-16 10:06:00,13258,2019-08-16 09:55:21,2019,8,16,10,562, 28.8,821.6, 38.8,32.9, 41.4,4.7600000000000003e-07,141.0,4.72E-10,278.0,1.31E-07,4.72E-10,4.94E-10,4.49E-10,0.882,4.602E-10,4.83E-10,4.38E-10,5.49E-14,2.26E-11,-2.25E-11,0.882,0.737,0.772,0.701,0,data/avgP/NO_UT1.csv,2758,145.5,O,Northern,Under Tree,1,0 days 00:10:39
0,15,N,MWC,OM,2,NMWC OM 2,0.49,0.36,8/20/19 9:32,2019-08-20 09:32:00,10038,2019-08-20 09:55:21,2019,8,20,10,212, 27.4,818.6, 45.7,39.0, 47.2,1.32e-06,437.0,4.32E-10,278.0,1.20E-07,4.32E-10,4.79E-10,3.86E-10,0.665,1.691E-10,2.13E-10,1.25E-10,1.26E-12,4.51E-11,-4.26E-11,0.706,0.675,0.748,0.602,0,data/avgP/NMWC_OM2.csv,2758,145.5,MWC,Northern,Termite Soil,2,0 days 00:23:21
0,16,N,MWC,OS,1,NMWC OS 1,1.22,1.23,8/16/19 14:46,2019-08-16 14:46:00,3834,2019-08-16 14:55:21,2019,8,16,15,231,32.6,810.6,32.9,25.0,35.3,6.13e-07,229.0,4.05e-09,278.0,1.13e-06,2.8000000000000003e-09,2.93e-09,2.6800000000000003e-09,0.7190000000000001,4.051e-09,4.15e-09,3.95e-09,-5.97e-12,9.379999999999999e-11,-1.06e-10,0.825,6.3260000000000005,6.482,6.171,0,data/avgP/NMWC_OS1.csv,2758,145.5,MWC,Northern,Open Soil,1,0 days 00:09:21
0,17,N,O,OM,1,NO OM 1,2.43,2.31,8/15/19 10:35,2019-08-15 10:35:00,2609,2019-08-15 09:55:21,2019,8,15,10,173, 23.8,819.0, 51.7,47.1, 53.9,8.6e-07,273.0,1.72E-09,278.0,4.78E-07,1.16E-09,1.20E-09,1.11E-09,0.821,1.718E-09,1.75E-09,1.69E-09,-2.68E-12,2.91E-11,-3.44E-11,0.918,2.683,2.732,2.633,0,data/avgP/NO_OM1.csv,2758,145.5,O,Northern,Termite Soil,1,0 days 00:39:39
0,18,N,O,OS,1,NO OS 1,7.35,9.13,8/20/19 10:16,2019-08-20 10:16:00,7846,2019-08-20 09:55:21,2019,8,20,10,255, 37.9,818.6, 22.4,15.8, 25.6,6.94e-07,242.0,-1.55E-09,278.0,-4.30E-07,-1.55E-09,-1.41E-09,-1.69E-09,-1.287,-3.408E-09,-3.33E-09,-3.48E-09,8.91E-12,8.53E-11,-6.75E-11,0.301,-2.417,-2.201,-2.632,100000,data/avgP/NO_OS1.csv,2758,145.5,O,Northern,Open Soil,1,0 days 00:20:39
0,19,N,O,UT,1,NO UT 1,1.09,1.0,8/14/19 10:28,2019-08-14 10:28:00,13212,2019-08-14 10:55:21,2019,8,14,11,516, 35.3,813.5, 39.5,32.0, 40.9,5.17e-07,142.0,2.78E-10,278.0,7.73E-08,2.78E-10,3.53E-10,2.04E-10,0.405,-4.074E-10,-3.46E-10,-4.69E-10,3.28E-12,6.48E-11,-5.82E-11,0.597,0.434,0.551,0.318,0,data/avgP/NO_UT1.csv,2758,145.5,O,Northern,Under Tree,1,0 days 00:27:21
0,20,N,O,OM,2,NO OM 2,4.8,5.07,8/19/19 15:11,2019-08-19 15:11:00,1433,2019-08-19 14:55:21,2019,8,19,15,144, 28.5,814.4, 41.4,37.0, 43.1,1.05e-06,328.0,2.25E-09,278.0,6.24E-07,2.25E-09,2.36E-09,2.13E-09,0.900,7.075E-10,7.75E-10,6.40E-10,7.36E-12,7.45E-11,-5.97E-11,0.967,3.506,3.688,3.325,0,data/avgP/NO_OM2.csv,2758,145.5,O,Northern,Termite Soil,2,0 days 00:15:39
0,21,N,O,OS,1,NO OS 1,4.38,4.21,8/15/19 10:48,2019-08-15 10:48:00,7839,2019-08-15 09:55:48,2019,8,15,10,138, 39.6,819.0, 19.7,13.3, 23.0,7.22e-07,252.0,-1.60E-09,278.0,-4.45E-07,-1.60E-09,-1.46E-09,-1.74E-09,0.150,-3.751E-09,-3.70E-09,-3.80E-09,1.03E-11,5.81E-11,-3.75E-11,0.903,-2.502,-2.282,-2.722,100010,data/avgP/NO_OS1.csv,2758,145.5,O,Northern,Open Soil,1,0 days 00:52:12
0,22,N,MWC,OS,3,NMWC OS 3,1.12,0.65,8/17/19 10:03,2019-08-17 10:03:00,22021,2019-08-17 09:55:21,2019,8,17,10,222, 30.5,817.6, 42.7,33.6, 44.3,4.47e-07,154.0,4.06E-09,278.0,1.13E-06,3.20E-09,3.28E-09,3.13E-09,0.955,4.061E-09,4.11E-09,4.01E-09,-4.10E-12,4.40E-11,-5.22E-11,0.980,6.341,6.416,6.266,0,data/avgP/NMWC_OS3.csv,2758,145.5,MWC,Northern,Open Soil,3,0 days 00:07:39
0,23,N,O,UT,3,NO UT 3,2.15,1.42,8/19/19 14:56,2019-08-19 14:56:00,17566,2019-08-19 14:55:21,2019,8,19,15,218, 30.1,814.4, 40.3,37.3, 41.4,4.6200000000000003e-07,144.0,1.07E-09,278.0,2.99E-07,1.07E-09,1.13E-09,1.02E-09,0.877,4.227E-10,4.63E-10,3.83E-10,3.12E-12,4.31E-11,-3.69E-11,0.939,1.679,1.767,1.59,0,data/avgP/NO_UT3.csv,2758,145.5,O,Northern,Under Tree,3,0 days 00:00:39
0,24,N,O,OS,1,NO OS 1,4.39,4.68,8/16/19 10:09,2019-08-16 10:09:00,7840,2019-08-16 09:55:21,2019,8,16,10,161, 31.8,821.6, 27.6,22.1, 30.7,5.28e-07,155.0,-1.03E-09,278.0,-2.86E-07,-1.03E-09,-9.38E-10,-1.12E-09,-0.360,-2.391E-09,-2.35E-09,-2.43E-09,6.51E-12,4.48E-11,-3.17E-11,0.767,-1.609,-1.465,-1.753,100000,data/avgP/NO_OS1.csv,2758,145.5,O,Northern,Open Soil,1,0 days 00:13:39
0,25,N,MWC,OM,3,NMWC OM 3,2.55,2.07,8/13/19 11:26,2019-08-13 11:26:00,20229,2019-08-13 11:55:21,2019,8,13,12,181, 29.6,812.8, 49.6,34.4, 50.6,4.35e-07,136.0,6.54E-10,278.0,1.82E-07,3.90E-10,4.26E-10,3.54E-10,0.601,6.538E-10,6.86E-10,6.22E-10,-1.26E-12,3.09E-11,-3.34E-11,0.683,1.021,1.071,0.971,0,data/avgP/NMWC_OM3.csv,2758,145.5,MWC,Northern,Termite Soil,3,0 days 00:29:21
0,26,N,MWC,OS,1,NMWC OS 1,0.93,1.01,8/21/19 9:27,2019-08-21 09:27:00,3947,2019-08-21 09:55:21,2019,8,21,10,344,27.7,820.5,44.6,39.3,45.0,6.77e-07,238.0,4.72e-09,278.0,1.31e-06,3.5200000000000003e-09,3.63e-09,3.42e-09,0.919,4.724e-09,4.8e-09,4.65e-09,-5.7499999999999995e-12,7.36e-11,-8.51e-11,0.9570000000000001,7.377999999999999,7.502000000000001,7.254,0,data/avgP/NMWC_OS1.csv,2758,145.5,MWC,Northern,Open Soil,1,0 days 00:28:21
0,27,N,O,UT,3,NO UT 3,2.01,1.94,8/20/19 14:50,2019-08-20 14:50:00,17586,2019-08-20 14:55:21,2019,8,20,15,239, 37.5,803.5, 27.8,22.3, 28.0,3.61e-07,126.0,1.52E-09,278.0,4.22E-07,1.52E-09,1.55E-09,1.49E-09,0.974,1.473E-09,1.50E-09,1.44E-09,2.17E-13,3.17E-11,-3.13E-11,0.974,2.371,2.42,2.321,0,data/avgP/NO_UT3.csv,2758,145.5,O,Northern,Under Tree,3,0 days 00:05:21
0,28,N,O,OS,3,NO OS 3,1.08,1.01,8/15/19 11:03,2019-08-15 11:03:00,18716,2019-08-15 11:55:21,2019,8,15,12,155, 35.5,811.5, 32.8,26.8, 33.8,4.6e-07,123.0,-6.62E-10,278.0,-1.84E-07,-6.62E-10,-5.71E-10,-7.52E-10,-4.380,-1.627E-09,-1.56E-09,-1.70E-09,4.62E-12,7.27E-11,-6.35E-11,-2.040,-1.034,-0.892,-1.175,0,data/avgP/NO_OS3.csv,2758,145.5,O,Northern,Open Soil,3,0 days 00:52:21
0,29,N,O,OM,2,NO OM 2,2.54,2.5,8/16/19 10:25,2019-08-16 10:25:00,1412,2019-08-16 09:55:21,2019,8,16,10,121, 25.0,821.6, 43.4,38.1, 46.4,9.709999999999999e-07,297.0,2.24E-09,278.0,6.22E-07,2.13E-09,2.15E-09,2.10E-09,0.988,2.237E-09,2.26E-09,2.21E-09,-5.28E-13,2.68E-11,-2.79E-11,0.989,3.494,3.536,3.451,0,data/avgP/NO_OM2.csv,2758,145.5,O,Northern,Termite Soil,2,0 days 00:29:39
0,30,N,MWC,OS,2,NMWC OS 2,0.89,0.51,8/20/19 9:36,2019-08-20 09:36:00,315,2019-08-20 09:55:21,2019,8,20,10,323, 29.4,818.6, 43.4,39.2, 44.6,4.1799999999999996e-07,151.0,1.75E-09,278.0,4.86E-07,1.05E-09,1.11E-09,9.89E-10,0.436,1.747E-09,1.79E-09,1.70E-09,-3.33E-12,4.10E-11,-4.77E-11,0.710,2.729,2.798,2.66,0,data/avgP/NMWC_OS2.csv,2758,145.5,MWC,Northern,Open Soil,2,0 days 00:19:21
0,31,N,O,OS,2,NO OS 2,2.28,2.17,8/17/19 10:25,2019-08-17 10:25:00,8557,2019-08-17 09:55:21,2019,8,17,10,182, 30.3,817.6, 40.9,35.8, 43.2,0.0,0.0,1.16E-10,278.0,3.23E-08,1.16E-10,1.27E-10,1.06E-10,0.706,2.216E-11,3.11E-11,1.32E-11,4.50E-13,9.40E-12,-8.50E-12,0.793,0.181,0.198,0.165,0,data/avgP/NO_OS2.csv,2758,145.5,O,Northern,Open Soil,2,0 days 00:29:39
0,32,N,MWC,OS,2,NMWC OS 2,1.05,1.03,8/17/19 9:46,2019-08-17 09:46:00,246,2019-08-17 09:55:21,2019,8,17,10,254, 29.3,817.6, 43.9,40.0, 44.6,4.75e-07,167.0,1.05E-09,278.0,2.92E-07,9.50E-10,9.85E-10,9.15E-10,0.914,1.049E-09,1.08E-09,1.01E-09,-4.72E-13,3.41E-11,-3.50E-11,0.917,1.638,1.692,1.584,0,data/avgP/NMWC_OS2.csv,2758,145.5,MWC,Northern,Open Soil,2,0 days 00:09:21
0,33,N,O,OM,3,NO OM 3,4.95,4.82,8/20/19 10:31,2019-08-20 10:31:00,23527,2019-08-20 10:55:21,2019,8,20,11,230, 31.0,811.3, 39.3,31.8, 39.2,3.5799999999999995e-07,102.0,5.85E-10,278.0,1.63E-07,5.85E-10,6.51E-10,5.19E-10,0.704,1.186E-10,1.78E-10,5.93E-11,2.23E-12,6.15E-11,-5.71E-11,0.761,0.914,1.017,0.811,0,data/avgP/NO_OM3.csv,2758,145.5,O,Northern,Termite Soil,3,0 days 00:24:21
0,34,N,O,OM,3,NO OM 3,4.48,5.48,8/20/19 14:59,2019-08-20 14:59:00,23531,2019-08-20 14:55:21,2019,8,20,15,234, 32.7,803.5, 28.5,25.2, 29.2,1.58e-07,30.0,2.66E-10,278.0,7.41E-08,2.66E-10,3.13E-10,2.20E-10,0.506,2.534E-11,6.98E-11,-1.91E-11,1.15E-12,4.56E-11,-4.33E-11,0.556,0.416,0.489,0.343,0,data/avgP/NO_OM3.csv,2758,145.5,O,Northern,Termite Soil,3,0 days 00:03:39
0,35,N,MWC,UT,1,NMWC UT 1,2.18,2.96,8/17/19 9:27,2019-08-17 09:27:00,14179,2019-08-17 10:55:21,2019,8,17,11,239, 30.8,810.4, 38.2,29.4, 40.7,2.4199999999999997e-07,94.0,7.65E-10,278.0,2.13E-07,6.49E-10,6.78E-10,6.19E-10,0.829,7.654E-10,7.94E-10,7.36E-10,-5.59E-13,2.84E-11,-2.96E-11,0.839,1.195,1.241,1.15,0,data/avgP/NMWC_UT1.csv,2758,145.5,MWC,Northern,Under Tree,1,0 days 01:28:21
0,36,N,O,UT,2,NO UT 2,1.19,1.04,8/17/19 10:30,2019-08-17 10:30:00,12663,2019-08-17 10:55:21,2019,8,17,11,267, 33.3,810.4, 34.8,27.8, 36.1,1.3800000000000002e-07,55.0,4.25E-10,278.0,1.18E-07,1.60E-10,2.00E-10,1.20E-10,-0.781,4.254E-10,4.62E-10,3.89E-10,-1.27E-12,3.51E-11,-3.76E-11,-0.479,0.664,0.721,0.608,100000,data/avgP/NO_UT2.csv,2758,145.5,O,Northern,Under Tree,2,0 days 00:25:21
0,37,N,O,OM,1,NO OM 1,2.24,2.22,8/14/19 10:35,2019-08-14 10:35:00,2587,2019-08-14 11:55:21,2019,8,14,12,151, 28.8,812.1, 49.6,41.0, 50.1,8.84e-07,268.0,4.81E-10,278.0,1.34E-07,4.81E-10,5.67E-10,3.94E-10,0.556,-9.909E-11,-2.03E-11,-1.78E-10,2.78E-12,8.16E-11,-7.61E-11,0.632,0.751,0.886,0.616,0,data/avgP/NO_OM1.csv,2758,145.5,O,Northern,Termite Soil,1,0 days 01:20:21
0,38,N,MWC,UT,3,NMWC UT 3,0.58,0.28,8/16/19 9:25,2019-08-16 09:25:00,16391,2019-08-16 09:55:21,2019,8,16,10,163, 25.0,821.6, 42.6,39.5, 44.5,2.58e-06,815.0,4.79E-10,278.0,1.33E-07,4.47E-10,4.90E-10,4.05E-10,0.606,4.791E-10,5.21E-10,4.37E-10,-1.52E-13,4.21E-11,-4.24E-11,0.607,0.748,0.814,0.682,0,data/avgP/NMWC_UT3.csv,2758,145.5,MWC,Northern,Under Tree,3,0 days 00:30:21
0,39,N,MWC,OM,2,NMWC OM 2,0.47,0.3,8/17/19 9:51,2019-08-17 09:51:00,10008,2019-08-17 09:55:21,2019,8,17,10,177, 26.7,817.6, 44.1,38.8, 45.4,4.0399999999999996e-07,138.0,2.03E-09,278.0,5.64E-07,8.01E-10,8.92E-10,7.10E-10,-3.186,2.027E-09,2.08E-09,1.98E-09,-5.87E-12,4.52E-11,-5.69E-11,-0.304,3.166,3.246,3.086,0,data/avgP/NMWC_OM2.csv,2758,145.5,MWC,Northern,Termite Soil,2,0 days 00:04:21
0,40,N,O,OS,3,NO OS 3,2.09,1.87,8/14/19 10:46,2019-08-14 10:46:00,20001,2019-08-14 10:55:21,2019,8,14,11,131, 32.6,813.5, 40.6,31.0, 40.4,4.29e-07,156.0,4.36E-10,278.0,1.21E-07,1.60E-10,2.05E-10,1.15E-10,-0.320,4.361E-10,4.78E-10,3.95E-10,-1.32E-12,4.02E-11,-4.29E-11,-0.129,0.681,0.746,0.616,100000,data/avgP/NO_OS3.csv,2758,145.5,O,Northern,Open Soil,3,0 days 00:09:21
0,41,N,O,OS,1,NO OS 1,7.76,7.57,8/21/19 10:29,2019-08-21 10:29:00,7176,2019-08-21 10:55:21,2019,8,21,11,280, 38.3,817.5, 23.8,16.5, 26.1,4.21e-07,130.0,-1.03E-10,278.0,-2.85E-08,-1.03E-10,-1.39E-11,-1.91E-10,-0.464,-1.302E-09,-1.25E-09,-1.35E-09,5.74E-12,5.46E-11,-4.31E-11,0.558,-0.16,-0.022,-0.299,0,data/avgP/NO_OS1.csv,2758,145.5,O,Northern,Open Soil,1,0 days 00:26:21
0,42,N,MWC,OM,3,NMWC OM 3,0.9,0.62,8/15/19 11:36,2019-08-15 11:36:00,20276,2019-08-15 11:55:21,2019,8,15,12,228, 30.2,811.5, 46.8,36.4, 45.6,3.87e-07,131.0,1.63E-09,278.0,4.52E-07,1.11E-09,1.16E-09,1.06E-09,0.811,1.627E-09,1.67E-09,1.59E-09,-2.48E-12,3.94E-11,-4.44E-11,0.881,2.541,2.606,2.476,0,data/avgP/NMWC_OM3.csv,2758,145.5,MWC,Northern,Termite Soil,3,0 days 00:19:21
0,43,N,MWC,UT,2,NMWC UT 2,2.37,2.01,8/15/19 11:59,2019-08-15 11:59:00,15500,2019-08-15 11:55:21,2019,8,15,12,383, 31.7,811.5, 39.3, 35.1, 39.5,4.86e-07,143.0,1.57E-09,278.0,4.36E-07,1.57E-09,1.63E-09,1.51E-09,0.929,1.356E-09,1.41E-09,1.30E-09,1.02E-12,5.62E-11,-5.42E-11,0.933,2.451,2.54,2.363,0,data/avgP/NMWC_UT2.csv,2758,145.5,MWC,Northern,Under Tree,2,0 days 00:03:39
0,44,N,O,UT,3,NO UT 3,1.63,1.36,8/14/19 10:42,2019-08-14 10:42:00,17445,2019-08-14 10:55:21,2019,8,14,11,97, 33.2,813.5, 45.9,34.5, 46.4,6.429999999999999e-07,224.0,3.04E-09,278.0,8.46E-07,2.30E-09,2.36E-09,2.24E-09,0.942,3.042E-09,3.08E-09,3.00E-09,-3.55E-12,3.75E-11,-4.46E-11,0.974,4.751,4.815,4.687,0,data/avgP/NO_UT3.csv,2758,145.5,O,Northern,Under Tree,3,0 days 00:13:21
0,45,N,MWC,UT,1,NMWC UT 1,1.39,1.13,8/19/19 16:08,2019-08-19 16:08:00,14204,2019-08-19 15:55:21,2019,8,19,16,268, 32.6,805.5, 35.2,28.7, 37.5,3.01e-07,94.0,2.78E-11,278.0,7.72E-09,2.78E-11,1.01E-10,-4.57E-11,-0.140,-6.911E-10,-6.33E-10,-7.50E-10,3.44E-12,6.20E-11,-5.51E-11,0.277,0.043,0.158,-0.071,0,data/avgP/NMWC_UT1.csv,2758,145.5,MWC,Northern,Under Tree,1,0 days 00:12:39
0,46,N,O,OS,2,NO OS 2,1.68,1.57,8/21/19 11:01,2019-08-21 11:01:00,8628,2019-08-21 09:55:21,2019,8,21,10,276, 28.4,820.5, 43.7,36.9, 45.5,0.0,0.0,8.66E-11,278.0,2.41E-08,8.66E-11,9.74E-11,7.58E-11,0.599,-1.821E-11,-9.59E-12,-2.68E-11,5.02E-13,9.11E-12,-8.11E-12,0.744,0.135,0.152,0.118,0,data/avgP/NO_OS2.csv,2758,145.5,O,Northern,Open Soil,2,0 days 01:05:39
0,47,N,O,UT,2,NO UT 2,2.88,2.39,8/14/19 10:59,2019-08-14 10:59:00,11618,2019-08-14 10:56:19,2019,8,14,11,208, 32.4,813.5, 44.3,33.6, 45.7,3.32e-07,109.0,2.88E-10,278.0,8.01E-08,2.88E-10,3.64E-10,2.12E-10,0.416,-4.239E-10,-3.62E-10,-4.85E-10,3.41E-12,6.50E-11,-5.82E-11,0.614,0.45,0.568,0.332,0,data/avgP/NO_UT2.csv,2758,145.5,O,Northern,Under Tree,2,0 days 00:02:41
0,48,N,MWC,OM,3,NMWC OM 3,1.43,0.65,8/16/19 9:15,2019-08-16 09:15:00,20297,2019-08-16 08:55:21,2019,8,16,9,249, 18.0,831.9, 61.7,58.7, 62.9,5.88e-07,182.0,1.97E-09,278.0,5.48E-07,1.22E-09,1.27E-09,1.17E-09,0.796,1.973E-09,2.00E-09,1.95E-09,-3.61E-12,2.13E-11,-2.85E-11,0.955,3.081,3.12,3.042,0,data/avgP/NMWC_OM3.csv,2758,145.5,MWC,Northern,Termite Soil,3,0 days 00:19:39
0,49,N,MWC,OM,3,NMWC OM 3,2.14,-0.46,8/14/19 9:55,2019-08-14 09:55:00,20251,2019-08-14 09:55:21,2019,8,14,10,203, 23.8,820.5, 60.6,56.1, 61.0,6.09e-07,206.0,2.52E-09,278.0,6.99E-07,1.74E-09,1.80E-09,1.69E-09,0.910,2.516E-09,2.54E-09,2.49E-09,-3.70E-12,2.17E-11,-2.91E-11,0.980,3.929,3.968,3.889,0,data/avgP/NMWC_OM3.csv,2758,145.5,MWC,Northern,Termite Soil,3,0 days 00:00:21
0,50,N,O,OM,1,NO OM 1,3.87,3.88,8/20/19 14:33,2019-08-20 14:33:00,2722,2019-08-20 14:55:21,2019,8,20,15,286, 31.9,803.5, 34.5,30.6, 35.6,6.529999999999999e-07,237.0,8.63E-10,278.0,2.40E-07,6.34E-10,6.81E-10,5.88E-10,0.561,8.632E-10,9.08E-10,8.19E-10,-1.10E-12,4.35E-11,-4.57E-11,0.601,1.348,1.418,1.278,0,data/avgP/NO_OM1.csv,2758,145.5,O,Northern,Termite Soil,1,0 days 00:22:21
0,51,N,O,UT,2,NO UT 2,0.85,0.66,8/21/19 10:57,2019-08-21 10:57:00,11719,2019-08-21 09:55:21,2019,8,21,10,322, 28.5,820.5, 40.5,36.8, 41.5,2.03e-07,58.0,4.01E-10,278.0,1.11E-07,4.01E-10,4.23E-10,3.79E-10,0.851,3.333E-10,3.55E-10,3.12E-10,3.24E-13,2.18E-11,-2.12E-11,0.856,0.626,0.66,0.592,0,data/avgP/NO_UT2.csv,2758,145.5,O,Northern,Under Tree,2,0 days 01:01:39
0,52,N,MWC,OS,2,NMWC OS 2,1.67,1.34,8/15/19 11:56,2019-08-15 11:56:00,200,2019-08-15 11:55:21,2019,8,15,12,208, 33.5,811.5, 43.3,36.2, 42.9,3.5200000000000003e-07,122.0,2.03E-09,278.0,5.65E-07,1.03E-09,1.10E-09,9.61E-10,0.273,2.034E-09,2.07E-09,2.00E-09,-4.79E-12,3.01E-11,-3.97E-11,0.825,3.176,3.23,3.121,0,data/avgP/NMWC_OS2.csv,2758,145.5,MWC,Northern,Open Soil,2,0 days 00:00:39
0,53,N,MWC,UT,1,NMWC UT 1,2.26,2.53,8/14/19 9:26,2019-08-14 09:26:00,14128,2019-08-14 08:56:18,2019,8,14,9,185, 23.9,827.3, 61.1,55.3, 63.8,5.44e-07,202.0,2.47E-09,278.0,6.85E-07,1.35E-09,1.45E-09,1.25E-09,-0.223,2.466E-09,2.54E-09,2.39E-09,-5.32E-12,6.68E-11,-7.74E-11,0.360,3.851,3.963,3.738,0,data/avgP/NMWC_UT1.csv,2758,145.5,MWC,Northern,Under Tree,1,0 days 00:29:42
0,54,N,O,UT,2,NO UT 2,1.19,1.12,8/16/19 10:28,2019-08-16 10:28:00,11657,2019-08-16 10:55:21,2019,8,16,11,249, 31.3,816.0, 35.6,29.3, 37.1,4.2299999999999996e-07,80.0,-5.17E-10,278.0,-1.44E-07,-5.17E-10,-3.87E-10,-6.47E-10,-3.701,-1.899E-09,-1.80E-09,-2.00E-09,6.62E-12,1.04E-10,-9.11E-11,-1.661,-0.807,-0.605,-1.01,0,data/avgP/NO_UT2.csv,2758,145.5,O,Northern,Under Tree,2,0 days 00:27:21
0,55,N,MWC,UT,3,NMWC UT 3,0.99,0.93,8/14/19 10:05,2019-08-14 10:05:00,16361,2019-08-14 09:55:21,2019,8,14,10,129, 24.9,820.5, 60.7,55.4, 61.7,2.45e-06,824.0,1.39E-09,278.0,3.87E-07,6.97E-10,7.62E-10,6.31E-10,-1.267,1.392E-09,1.44E-09,1.34E-09,-3.33E-12,4.62E-11,-5.29E-11,-0.293,2.174,2.251,2.096,0,data/avgP/NMWC_UT3.csv,2758,145.5,MWC,Northern,Under Tree,3,0 days 00:09:39
0,56,N,O,UT,1,NO UT 1,0.92,0.59,8/20/19 10:13,2019-08-20 10:13:00,13312,2019-08-20 09:55:21,2019,8,20,10,620, 29.7,818.6, 41.1,37.5, 43.3,4.34e-07,142.0,7.61E-10,278.0,2.12E-07,4.64E-10,4.97E-10,4.30E-10,0.538,7.612E-10,7.89E-10,7.33E-10,-1.42E-12,2.64E-11,-2.92E-11,0.678,1.189,1.232,1.145,0,data/avgP/NO_UT1.csv,2758,145.5,O,Northern,Under Tree,1,0 days 00:17:39
0,57,N,MWC,OM,3,NMWC OM 3,1.1,2.05,8/20/19 9:15,2019-08-20 09:15:00,20385,2019-08-20 09:55:21,2019,8,20,10,339, 25.6,818.6, 51.0,45.6, 51.7,5.28e-07,172.0,1.33E-09,278.0,3.70E-07,5.22E-10,5.79E-10,4.66E-10,-0.172,1.332E-09,1.36E-09,1.31E-09,-3.88E-12,2.29E-11,-3.07E-11,0.740,2.081,2.123,2.039,0,data/avgP/NMWC_OM3.csv,2758,145.5,MWC,Northern,Termite Soil,3,0 days 00:40:21
0,58,N,O,OS,3,NO OS 3,1.01,0.97,8/16/19 15:55,2019-08-16 15:55:00,18739,2019-08-16 15:55:21,2019,8,16,16,183, 29.3,814.9, 34.2,29.2, 35.2,4.6799999999999996e-07,137.0,-3.68E-10,278.0,-1.02E-07,-3.68E-10,-2.90E-10,-4.46E-10,-2.823,-1.218E-09,-1.16E-09,-1.28E-09,4.07E-12,6.24E-11,-5.42E-11,-1.106,-0.575,-0.452,-0.697,0,data/avgP/NO_OS3.csv,2758,145.5,O,Northern,Open Soil,3,0 days 00:00:21
0,59,N,MWC,OS,1,NMWC OS 1,1.23,1.04,8/22/19 12:37,2019-08-22 12:37:00,3973,2019-08-22 12:55:21,2019,8,22,13,370,36.0,819.1,32.7,28.7,33.3,7.55e-07,236.0,-2.2700000000000002e-10,278.0,-6.32e-08,-2.2700000000000002e-10,-1.49e-10,-3.05e-10,-1.9909999999999999,-1.1890000000000001e-09,-1.14e-09,-1.24e-09,4.610000000000001e-12,5.520000000000001e-11,-4.5999999999999996e-11,-0.256,-0.355,-0.233,-0.47700000000000004,0,data/avgP/NMWC_OS1.csv,2758,145.5,MWC,Northern,Open Soil,1,0 days 00:18:21
0,60,N,MWC,UT,1,NMWC UT 1,1.18,1.09,8/20/19 9:56,2019-08-20 09:56:00,14212,2019-08-20 09:55:21,2019,8,20,10,276, 28.4,818.6, 42.0,37.8, 43.5,2.79e-07,111.0,3.06E-09,278.0,8.51E-07,1.81E-09,1.91E-09,1.71E-09,0.441,3.060E-09,3.13E-09,2.99E-09,-5.99E-12,6.46E-11,-7.66E-11,0.746,4.779,4.89,4.669,0,data/avgP/NMWC_UT1.csv,2758,145.5,MWC,Northern,Under Tree,1,0 days 00:00:39
0,61,N,O,OM,2,NO OM 2,2.56,2.51,8/15/19 11:14,2019-08-15 11:14:00,1395,2019-08-15 11:55:21,2019,8,15,12,104, 31.0,811.5, 41.6,31.5, 42.7,6.970000000000001e-07,228.0,1.38E-09,278.0,3.83E-07,1.38E-09,1.45E-09,1.31E-09,0.895,5.738E-10,6.23E-10,5.25E-10,3.84E-12,5.29E-11,-4.52E-11,0.948,2.149,2.258,2.04,0,data/avgP/NO_OM2.csv,2758,145.5,O,Northern,Termite Soil,2,0 days 00:41:21
0,62,N,O,OS,3,NO OS 3,0.88,0.77,8/17/19 10:44,2019-08-17 10:44:00,20014,2019-08-17 10:55:21,2019,8,17,11,202, 34.1,810.4, 32.1,25.6, 32.8,4.39e-07,118.0,-1.48E-10,278.0,-4.12E-08,-1.48E-10,-8.99E-11,-2.07E-10,-0.788,-5.891E-10,-5.37E-10,-6.41E-10,2.11E-12,5.38E-11,-4.96E-11,-0.399,-0.232,-0.14,-0.323,100000,data/avgP/NO_OS3.csv,2758,145.5,O,Northern,Open Soil,3,0 days 00:11:21
0,63,N,MWC,OM,2,NMWC OM 2,0.85,0.7,8/14/19 9:47,2019-08-14 09:47:00,9967,2019-08-14 09:55:21,2019,8,14,10,131, 26.1,820.5, 53.6,44.6, 55.4,6.26e-07,203.0,2.46E-10,278.0,6.85E-08,2.14E-10,2.52E-10,1.75E-10,0.236,2.465E-10,2.85E-10,2.08E-10,-1.57E-13,3.82E-11,-3.85E-11,0.238,0.385,0.445,0.325,0,data/avgP/NMWC_OM2.csv,2758,145.5,MWC,Northern,Termite Soil,2,0 days 00:08:21
0,64,N,O,OS,2,NO OS 2,2.74,2.84,8/19/19 15:20,2019-08-19 15:20:00,9780,2019-08-19 14:55:21,2019,8,19,15,233, 30.0,814.4, 40.2,35.2, 41.6,0.0,0.0,4.14E-11,278.0,1.15E-08,4.14E-11,4.68E-11,3.60E-11,0.604,-9.963E-12,-5.59E-12,-1.43E-11,2.46E-13,4.62E-12,-4.13E-12,0.741,0.065,0.073,0.056,10000,data/avgP/NO_OS2.csv,2758,145.5,O,Northern,Open Soil,2,0 days 00:24:39
0,65,N,O,UT,2,NO UT 2,1.87,1.94,8/19/19 15:15,2019-08-19 15:15:00,11697,2019-08-19 14:55:21,2019,8,19,15,296, 29.3,814.4, 40.9,37.3, 42.3,1.06e-07,48.0,6.68E-10,278.0,1.86E-07,6.20E-10,6.59E-10,5.81E-10,0.658,6.679E-10,7.07E-10,6.29E-10,-2.28E-13,3.88E-11,-3.93E-11,0.660,1.043,1.104,0.982,0,data/avgP/NO_UT2.csv,2758,145.5,O,Northern,Under Tree,2,0 days 00:19:39
0,66,N,O,OM,1,NO OM 1,3.18,3.32,8/8/19 14:34,2019-08-08 14:34:00,2468,2019-08-08 14:56:17,2019,8,8,15,31, 27.4,811.0, 43.2,37.9, 44.4,8.3e-07,287.0,1.21E-09,278.0,3.35E-07,6.79E-10,7.38E-10,6.20E-10,-0.062,1.205E-09,1.25E-09,1.16E-09,-2.52E-12,4.66E-11,-5.17E-11,0.261,1.882,1.959,1.806,0,data/avgP/NO_OM1.csv,2758,145.5,O,Northern,Termite Soil,1,0 days 00:22:17
0,67,N,O,UT,2,NO UT 2,1.24,1.12,8/22/19 11:21,2019-08-22 11:21:00,11734,2019-08-22 10:55:21,2019,8,22,11,337, 34.8,810.9, 33.8,28.7, 34.5,4.54e-08,27.0,7.63E-10,278.0,2.12E-07,7.22E-10,7.47E-10,6.97E-10,0.921,7.631E-10,7.88E-10,7.38E-10,-1.96E-13,2.45E-11,-2.49E-11,0.922,1.192,1.23,1.153,0,data/avgP/NO_UT2.csv,2758,145.5,O,Northern,Under Tree,2,0 days 00:25:39
0,68,N,O,OM,2,NO OM 2,3.74,3.75,8/20/19 15:03,2019-08-20 15:03:00,1441,2019-08-20 14:55:21,2019,8,20,15,152, 35.6,803.5, 29.8,26.9, 30.6,7.76e-07,275.0,2.79E-09,278.0,7.75E-07,2.79E-09,2.84E-09,2.74E-09,0.979,2.289E-09,2.33E-09,2.25E-09,2.40E-12,4.30E-11,-3.82E-11,0.987,4.356,4.435,4.276,0,data/avgP/NO_OM2.csv,2758,145.5,O,Northern,Termite Soil,2,0 days 00:07:39
0,69,N,MWC,UT,2,NMWC UT 2,1.74,1.55,8/16/19 14:57,2019-08-16 14:57:00,15527,2019-08-16 14:55:21,2019,8,16,15,410, 32.3,810.6, 28.4, 23.6, 31.1,4.86e-07,143.0,2.33E-09,278.0,6.47E-07,2.33E-09,2.39E-09,2.27E-09,0.964,1.661E-09,1.71E-09,1.62E-09,3.19E-12,4.87E-11,-4.23E-11,0.980,3.635,3.731,3.539,0,data/avgP/NMWC_UT2.csv,2758,145.5,MWC,Northern,Under Tree,2,0 days 00:01:39
0,70,N,O,OS,1,NO OS 1,2.89,3.15,8/8/19 14:42,2019-08-08 14:42:00,6955,2019-08-08 14:56:18,2019,8,8,15,42, 30.0,811.0, 34.2,29.9, 35.2,5.520000000000001e-07,183.0,1.02E-09,278.0,2.83E-07,6.61E-10,7.07E-10,6.15E-10,0.406,1.018E-09,1.06E-09,9.77E-10,-1.71E-12,3.91E-11,-4.25E-11,0.540,1.59,1.654,1.526,0,data/avgP/NO_OS1.csv,2758,145.5,O,Northern,Open Soil,1,0 days 00:14:18
0,71,N,MWC,UT,3,NMWC UT 3,0.81,0.85,8/20/19 9:27,2019-08-20 09:27:00,16438,2019-08-20 09:55:21,2019,8,20,10,211, 26.5,818.6, 44.3,41.8, 45.2,2.61e-06,815.0,4.77E-10,278.0,1.33E-07,4.77E-10,5.59E-10,3.95E-10,0.566,-3.179E-10,-2.52E-10,-3.83E-10,3.80E-12,6.94E-11,-6.18E-11,0.722,0.744,0.872,0.617,0,data/avgP/NMWC_UT3.csv,2758,145.5,MWC,Northern,Under Tree,3,0 days 00:28:21
0,72,N,MWC,OS,2,NMWC OS 2,1.83,1.8,8/13/19 11:51,2019-08-13 11:51:00,171,2019-08-13 11:55:21,2019,8,13,12,178, 32.9,812.8, 46.0,33.9, 48.2,4.45e-07,140.0,3.43E-10,278.0,9.55E-08,3.43E-10,3.88E-10,2.99E-10,0.583,-6.372E-11,-2.72E-11,-1.00E-10,1.95E-12,3.85E-11,-3.46E-11,0.717,0.536,0.606,0.467,0,data/avgP/NMWC_OS2.csv,2758,145.5,MWC,Northern,Open Soil,2,0 days 00:04:21
0,73,N,O,OS,3,NO OS 3,0.65,0.5,8/16/19 10:18,2019-08-16 10:18:00,20008,2019-08-16 09:55:21,2019,8,16,10,177, 27.2,821.6, 37.9,34.2, 39.2,3.45e-07,138.0,1.21E-09,278.0,3.37E-07,5.27E-10,6.02E-10,4.51E-10,-1.902,1.214E-09,1.28E-09,1.15E-09,-3.29E-12,5.93E-11,-6.59E-11,-0.986,1.895,1.993,1.798,100000,data/avgP/NO_OS3.csv,2758,145.5,O,Northern,Open Soil,3,0 days 00:22:39
0,74,N,MWC,UT,3,NMWC UT 3,0.71,0.58,8/17/19 10:09,2019-08-17 10:09:00,16404,2019-08-17 09:55:21,2019,8,17,10,176, 26.4,817.6, 44.2,40.5, 45.0,2.47e-06,819.0,1.25E-09,278.0,3.48E-07,9.74E-10,1.02E-09,9.29E-10,0.815,1.251E-09,1.29E-09,1.21E-09,-1.33E-12,4.11E-11,-4.37E-11,0.841,1.954,2.021,1.888,0,data/avgP/NMWC_UT3.csv,2758,145.5,MWC,Northern,Under Tree,3,0 days 00:13:39
0,75,N,O,OS,3,NO OS 3,2.05,2.08,8/13/19 13:18,2019-08-13 13:18:00,20000,2019-08-13 12:56:17,2019,8,13,13,110, 34.8,811.5, 37.0,25.9, 40.0,5.38e-07,134.0,-7.39E-10,278.0,-2.05E-07,-7.39E-10,-6.17E-10,-8.60E-10,-7.166,-2.235E-09,-2.16E-09,-2.31E-09,7.16E-12,8.62E-11,-7.19E-11,-2.440,-1.154,-0.964,-1.343,100000,data/avgP/NO_OS3.csv,2758,145.5,O,Northern,Open Soil,3,0 days 00:21:43
0,76,N,MWC,OS,2,NMWC OS 2,1.43,1.27,8/14/19 9:43,2019-08-14 09:43:00,177,2019-08-14 10:55:21,2019,8,14,11,184, 31.5,813.5, 47.7,40.7, 48.5,3.9899999999999996e-07,157.0,1.97E-09,278.0,5.49E-07,1.15E-09,1.23E-09,1.07E-09,0.070,1.974E-09,2.04E-09,1.91E-09,-3.95E-12,6.04E-11,-6.83E-11,0.429,3.083,3.183,2.982,0,data/avgP/NMWC_OS2.csv,2758,145.5,MWC,Northern,Open Soil,2,0 days 01:12:21
0,77,N,MWC,UT,1,NMWC UT 1,1.37,1.3,8/13/19 12:11,2019-08-13 12:11:00,14107,2019-08-13 11:56:18,2019,8,13,12,164, 28.6,812.8, 47.9,38.4, 50.9,4.99e-07,159.0,2.35E-10,278.0,6.53E-08,2.35E-10,2.70E-10,2.00E-10,0.538,8.332E-11,1.17E-10,4.94E-11,7.25E-13,3.47E-11,-3.32E-11,0.571,0.367,0.422,0.312,0,data/avgP/NMWC_UT1.csv,2758,145.5,MWC,Northern,Under Tree,1,0 days 00:14:42
0,78,N,O,OM,2,NO OM 2,2.1,1.77,8/21/19 10:53,2019-08-21 10:53:00,1446,2019-08-21 11:56:18,2019,8,21,12,159, 31.7,812.2, 39.3,29.9, 39.7,9.31e-07,308.0,6.19E-09,278.0,1.72E-06,4.79E-09,4.89E-09,4.69E-09,0.964,6.186E-09,6.23E-09,6.14E-09,-6.69E-12,3.78E-11,-5.12E-11,0.992,9.66,9.729,9.59,0,data/avgP/NO_OM2.csv,2758,145.5,O,Northern,Termite Soil,2,0 days 01:03:18
0,79,N,MWC,OS,2,NMWC OS 2,1.58,1.6,8/9/19 15:04,2019-08-09 15:04:00,82,2019-08-09 14:55:21,2019,8,9,15,89, 43.6,797.0, 19.2,13.8, 20.2,4.53e-07,167.0,4.25E-10,278.0,1.18E-07,4.25E-10,4.69E-10,3.81E-10,0.485,2.704E-10,3.13E-10,2.27E-10,7.39E-13,4.38E-11,-4.23E-11,0.509,0.663,0.732,0.595,0,data/avgP/NMWC_OS2.csv,2758,145.5,MWC,Northern,Open Soil,2,0 days 00:08:39
0,80,N,O,OS,1,NO OS 1,4.26,4.28,8/20/19 14:44,2019-08-20 14:44:00,7158,2019-08-20 14:55:21,2019,8,20,15,260, 34.2,803.5, 27.1,24.0, 28.1,1.66e-07,63.0,1.13E-09,278.0,3.15E-07,9.68E-10,1.02E-09,9.19E-10,0.809,1.134E-09,1.18E-09,1.09E-09,-7.96E-13,4.73E-11,-4.89E-11,0.817,1.772,1.847,1.697,0,data/avgP/NO_OS1.csv,2758,145.5,O,Northern,Open Soil,1,0 days 00:11:21
0,81,N,MWC,UT,1,NMWC UT 1,1.35,1.27,8/22/19 12:40,2019-08-22 12:40:00,14249,2019-08-22 12:55:21,2019,8,22,13,315, 31.7,819.1, 36.3,30.1, 37.6,1.94e-07,73.0,1.44E-09,278.0,3.99E-07,8.57E-10,9.06E-10,8.08E-10,0.708,1.435E-09,1.47E-09,1.40E-09,-2.77E-12,3.08E-11,-3.63E-11,0.863,2.241,2.294,2.189,0,data/avgP/NMWC_UT1.csv,2758,145.5,MWC,Northern,Under Tree,1,0 days 00:15:21
0,82,N,O,OM,1,NO OM 1,3.06,3.14,8/16/19 15:35,2019-08-16 15:35:00,2638,2019-08-16 15:55:21,2019,8,16,16,202, 25.9,814.9, 42.3,38.0, 44.1,8.25e-07,245.0,-1.74E-11,278.0,-4.85E-09,-1.74E-11,5.63E-11,-9.11E-11,-0.340,-7.738E-10,-7.17E-10,-8.31E-10,3.62E-12,6.07E-11,-5.35E-11,0.198,-0.027,0.088,-0.142,0,data/avgP/NO_OM1.csv,2758,145.5,O,Northern,Termite Soil,1,0 days 00:20:21
0,83,N,O,UT,3,NO UT 3,0.79,0.58,8/21/19 10:35,2019-08-21 10:35:00,17606,2019-08-21 10:55:21,2019,8,21,11,259, 32.9,817.5, 37.5,31.0, 37.8,3.97e-07,172.0,4.27E-09,278.0,1.19E-06,2.98E-09,3.10E-09,2.87E-09,0.802,4.273E-09,4.36E-09,4.19E-09,-6.17E-12,7.87E-11,-9.10E-11,0.895,6.672,6.805,6.54,0,data/avgP/NO_UT3.csv,2758,145.5,O,Northern,Under Tree,3,0 days 00:20:21
0,84,N,MWC,OS,3,NMWC OS 3,1.11,0.85,8/21/19 9:54,2019-08-21 09:54:00,22087,2019-08-21 03:55:21,2019,8,21,4,291, 14.3,837.2, 81.2,79.8, 81.4,6.520000000000001e-07,180.0,4.54E-09,278.0,1.26E-06,3.05E-09,3.15E-09,2.95E-09,0.896,4.544E-09,4.58E-09,4.50E-09,-7.16E-12,3.23E-11,-4.66E-11,0.984,7.097,7.158,7.035,0,data/avgP/NMWC_OS3.csv,2758,145.5,MWC,Northern,Open Soil,3,0 days 05:58:39
0,85,N,O,OS,3,NO OS 3,2.01,1.77,8/19/19 15:00,2019-08-19 15:00:00,18786,2019-08-19 14:55:21,2019,8,19,15,236, 28.2,814.4, 40.4,36.0, 42.2,2.26e-07,65.0,2.14E-10,272.0,5.81E-08,2.14E-10,2.56E-10,1.72E-10,0.282,8.894E-11,1.30E-10,4.78E-11,6.10E-13,4.18E-11,-4.05E-11,0.307,0.334,0.399,0.268,0,data/avgP/NO_OS3.csv,2758,145.5,O,Northern,Open Soil,3,0 days 00:04:39
0,86,N,O,UT,1,NO UT 1,1.27,1.18,8/8/19 14:38,2019-08-08 14:38:00,13140,2019-08-08 14:56:18,2019,8,8,15,443, 30.6,811.0, 41.2,32.3, 44.4,5.54e-07,163.0,3.63E-10,278.0,1.01E-07,3.63E-10,3.86E-10,3.40E-10,0.839,2.208E-10,2.42E-10,2.00E-10,6.81E-13,2.16E-11,-2.03E-11,0.863,0.567,0.602,0.532,0,data/avgP/NO_UT1.csv,2758,145.5,O,Northern,Under Tree,1,0 days 00:18:18
0,87,N,MWC,OM,3,NMWC OM 3,2.05,2.48,8/16/19 15:10,2019-08-16 15:10:00,20303,2019-08-16 14:55:21,2019,8,16,15,255, 28.7,810.6, 35.1,29.7, 36.8,3.19e-07,105.0,7.77E-10,278.0,2.16E-07,6.94E-10,7.44E-10,6.43E-10,0.387,7.773E-10,8.28E-10,7.27E-10,-3.99E-13,4.99E-11,-5.07E-11,0.393,1.214,1.292,1.135,0,data/avgP/NMWC_OM3.csv,2758,145.5,MWC,Northern,Termite Soil,3,0 days 00:14:39
0,88,N,O,UT,1,NO UT 1,0.57,0.61,8/21/19 10:26,2019-08-21 10:26:00,13330,2019-08-21 10:55:21,2019,8,21,11,640, 34.0,817.5, 35.8,30.2, 37.2,3.09e-07,101.0,1.25E-09,278.0,3.48E-07,4.47E-10,5.03E-10,3.92E-10,-0.715,1.253E-09,1.28E-09,1.23E-09,-3.86E-12,2.13E-11,-2.90E-11,0.652,1.957,1.997,1.918,0,data/avgP/NO_UT1.csv,2758,145.5,O,Northern,Under Tree,1,0 days 00:29:21
0,89,N,O,OS,2,NO OS 2,2.37,2.03,8/14/19 11:02,2019-08-14 11:02:00,8503,2019-08-14 10:56:20,2019,8,14,11,112, 34.9,813.5, 41.3,29.3, 44.3,0.0,0.0,5.15E-10,278.0,1.43E-07,5.15E-10,5.44E-10,4.87E-10,0.838,3.274E-10,3.53E-10,3.01E-10,9.00E-13,2.70E-11,-2.52E-11,0.865,0.805,0.849,0.76,0,data/avgP/NO_OS2.csv,2758,145.5,O,Northern,Open Soil,2,0 days 00:05:40
0,90,N,O,OS,2,NO OS 2,1.7,1.54,8/16/19 10:31,2019-08-16 10:31:00,8544,2019-08-16 10:55:21,2019,8,16,11,159, 33.0,816.0, 34.2,25.6, 36.9,6.33e-08,0.0,-1.98E-10,278.0,-5.51E-08,-1.98E-10,-1.47E-10,-2.50E-10,-3.844,-8.365E-10,-8.03E-10,-8.70E-10,3.06E-12,3.64E-11,-3.03E-11,-1.018,-0.31,-0.229,-0.39,0,data/avgP/NO_OS2.csv,2758,145.5,O,Northern,Open Soil,2,0 days 00:24:21
0,91,N,O,UT,2,NO UT 2,1.08,0.99,8/20/19 10:39,2019-08-20 10:39:00,11705,2019-08-20 10:55:21,2019,8,20,11,306, 33.9,811.3, 36.1,30.8, 36.9,1.62e-07,33.0,4.16E-10,278.0,1.16E-07,4.16E-10,4.81E-10,3.51E-10,0.591,7.868E-12,6.79E-11,-5.22E-11,1.95E-12,6.20E-11,-5.81E-11,0.652,0.649,0.751,0.548,0,data/avgP/NO_UT2.csv,2758,145.5,O,Northern,Under Tree,2,0 days 00:16:21
0,92,N,O,OS,1,NO OS 1,3.26,3.17,8/13/19 12:58,2019-08-13 12:58:00,7002,2019-08-13 12:55:21,2019,8,13,13,93, 35.1,811.5, 34.9,23.7, 37.7,1.95e-07,71.0,1.34E-09,278.0,3.73E-07,7.80E-10,8.40E-10,7.21E-10,0.022,1.341E-09,1.39E-09,1.29E-09,-2.69E-12,4.58E-11,-5.11E-11,0.354,2.094,2.17,2.019,0,data/avgP/NO_OS1.csv,2758,145.5,O,Northern,Open Soil,1,0 days 00:02:39
0,93,N,O,OM,3,NO OM 3,5.35,5.21,8/14/19 10:51,2019-08-14 10:51:00,23430,2019-08-14 10:55:21,2019,8,14,11,131, 29.7,813.5, 45.9,40.1, 46.9,4.61e-07,149.0,8.75E-10,278.0,2.43E-07,8.75E-10,9.19E-10,8.30E-10,0.866,6.982E-10,7.41E-10,6.55E-10,8.45E-13,4.40E-11,-4.24E-11,0.874,1.366,1.435,1.296,0,data/avgP/NO_OM3.csv,2758,145.5,O,Northern,Termite Soil,3,0 days 00:04:21
0,94,N,MWC,UT,2,NMWC UT 2,0.87,0.7,8/17/19 9:42,2019-08-17 09:42:00,15542,2019-08-17 09:55:21,2019,8,17,10,425, 28.2,817.6, 41.9, 36.9, 43.2,4.31e-07,162.0,3.33E-09,278.0,9.27E-07,2.88E-09,2.93E-09,2.83E-09,0.978,3.333E-09,3.37E-09,3.29E-09,-2.16E-12,3.65E-11,-4.08E-11,0.985,5.205,5.266,5.145,0,data/avgP/NMWC_UT2.csv,2758,145.5,MWC,Northern,Under Tree,2,0 days 00:13:21
0,95,N,MWC,UT,2,NMWC UT 2,2.4,1.74,8/13/19 11:56,2019-08-13 11:56:00,15470,2019-08-13 11:55:21,2019,8,13,12,353, 30.3,812.8, 43.1, 34.7, 46.3,6.02e-07,190.0,3.24E-11,278.0,9.01E-09,3.24E-11,7.74E-11,-1.26E-11,-0.009,-3.714E-10,-3.34E-10,-4.09E-10,1.93E-12,3.94E-11,-3.56E-11,0.301,0.051,0.121,-0.02,0,data/avgP/NMWC_UT2.csv,2758,145.5,MWC,Northern,Under Tree,2,0 days 00:00:39
0,96,N,MWC,OM,1,NMWC OM 1,3.71,3.42,8/21/19 9:22,2019-08-21 09:22:00,5765,2019-08-21 08:55:21,2019,8,21,9,350, 22.6,827.8, 63.9,55.7, 65.3,6.420000000000001e-07,205.0,1.19E-08,278.0,3.30E-06,4.08E-09,4.62E-09,3.54E-09,-3.039,1.188E-08,1.21E-08,1.16E-08,-3.73E-11,2.17E-10,-2.92E-10,0.123,18.551,18.948,18.154,0,data/avgP/NMWC_OM1.csv,2758,145.5,MWC,Northern,Termite Soil,1,0 days 00:26:39
0,97,N,O,OM,3,NO OM 3,4.94,5.39,8/16/19 16:00,2019-08-16 16:00:00,23482,2019-08-16 15:55:21,2019,8,16,16,183, 27.7,814.9, 34.4,30.2, 36.4,2.43e-07,90.0,1.06E-09,278.0,2.96E-07,9.54E-10,9.95E-10,9.14E-10,0.828,1.065E-09,1.10E-09,1.02E-09,-5.30E-13,3.95E-11,-4.06E-11,0.833,1.663,1.725,1.6,0,data/avgP/NO_OM3.csv,2758,145.5,O,Northern,Termite Soil,3,0 days 00:04:39
0,98,N,MWC,OM,3,NMWC OM 3,1.53,0.91,8/17/19 9:57,2019-08-17 09:57:00,20322,2019-08-17 09:55:21,2019,8,17,10,274, 25.4,817.6, 49.5,44.1, 50.4,4.66e-07,160.0,1.15E-09,278.0,3.21E-07,9.09E-10,9.43E-10,8.74E-10,0.889,1.154E-09,1.19E-09,1.12E-09,-1.17E-12,2.99E-11,-3.22E-11,0.910,1.802,1.851,1.754,0,data/avgP/NMWC_OM3.csv,2758,145.5,MWC,Northern,Termite Soil,3,0 days 00:01:39
0,99,N,O,OS,1,NO OS 1,3.65,3.49,8/16/19 15:43,2019-08-16 15:43:00,7071,2019-08-16 15:55:21,2019,8,16,16,167, 27.7,814.9, 35.3,29.9, 36.7,3.32e-07,76.0,-1.04E-10,278.0,-2.89E-08,-1.04E-10,-2.73E-12,-2.05E-10,-0.729,-1.207E-09,-1.13E-09,-1.28E-09,5.28E-12,8.04E-11,-6.98E-11,0.053,-0.162,-0.004,-0.321,0,data/avgP/NO_OS1.csv,2758,145.5,O,Northern,Open Soil,1,0 days 00:12:21
0,100,N,O,OS,2,NO OS 2,3.05,3.22,8/20/19 15:11,2019-08-20 15:11:00,9783,2019-08-20 14:55:21,2019,8,20,15,257, 36.5,803.5, 28.6,24.8, 29.4,0.0,0.0,5.72E-11,278.0,1.59E-08,3.37E-11,4.22E-11,2.52E-11,-0.012,5.720E-11,6.56E-11,4.88E-11,-1.12E-13,8.25E-12,-8.48E-12,0.018,0.089,0.102,0.076,10000,data/avgP/NO_OS2.csv,2758,145.5,O,Northern,Open Soil,2,0 days 00:15:39
0,101,N,O,UT,2,NO UT 2,1.8,1.52,8/15/19 11:18,2019-08-15 11:18:00,11639,2019-08-15 11:55:21,2019,8,15,12,229, 31.3,811.5, 39.6,31.9, 41.8,2.3399999999999998e-07,82.0,3.83E-10,278.0,1.07E-07,3.83E-10,4.09E-10,3.58E-10,0.794,3.660E-10,3.92E-10,3.40E-10,8.22E-14,2.57E-11,-2.56E-11,0.794,0.598,0.638,0.558,0,data/avgP/NO_UT2.csv,2758,145.5,O,Northern,Under Tree,2,0 days 00:37:21
0,102,N,O,OS,2,NO OS 2,2.3,2.41,8/16/19 16:16,2019-08-16 16:16:00,9754,2019-08-16 15:55:21,2019,8,16,16,164, 29.8,814.9, 36.1,31.8, 37.8,0.0,0.0,6.03E-12,278.0,1.68E-09,3.79E-12,5.34E-12,2.24E-12,0.102,6.032E-12,7.58E-12,4.48E-12,-1.07E-14,1.54E-12,-1.56E-12,0.109,0.009,0.012,0.007,10000,data/avgP/NO_OS2.csv,2758,145.5,O,Northern,Open Soil,2,0 days 00:20:39
0,103,N,MWC,OS,1,NMWC OS 1,1.49,1.48,8/20/19 15:29,2019-08-20 15:29:00,3929,2019-08-20 15:55:21,2019,8,20,16,326,32.4,806.9,32.5,27.4,34.1,6.37e-07,221.0,5.86e-11,278.0,1.63e-08,5.86e-11,9.050000000000001e-11,2.6700000000000002e-11,0.147,-2.917e-10,-2.68e-10,-3.15e-10,1.68e-12,2.52e-11,-2.1800000000000002e-11,0.539,0.092,0.141,0.042,0,data/avgP/NMWC_OS1.csv,2758,145.5,MWC,Northern,Open Soil,1,0 days 00:26:21
0,104,N,MWC,UT,1,NMWC UT 1,1.17,0.95,8/16/19 14:51,2019-08-16 14:51:00,14170,2019-08-16 14:55:21,2019,8,16,15,229, 30.6,810.6, 35.7,29.4, 38.0,4.69e-07,110.0,-1.09E-10,278.0,-3.04E-08,-1.09E-10,4.74E-12,-2.23E-10,-0.662,-1.482E-09,-1.41E-09,-1.56E-09,6.57E-12,8.28E-11,-6.96E-11,0.259,-0.17,0.007,-0.348,0,data/avgP/NMWC_UT1.csv,2758,145.5,MWC,Northern,Under Tree,1,0 days 00:04:21
0,105,N,MWC,OS,2,NMWC OS 2,0.84,0.72,8/16/19 9:35,2019-08-16 09:35:00,222,2019-08-16 09:55:21,2019,8,16,10,230, 27.6,821.6, 42.0,37.2, 43.8,4.6299999999999995e-07,168.0,1.49E-09,278.0,4.14E-07,9.40E-10,9.85E-10,8.94E-10,0.787,1.489E-09,1.52E-09,1.46E-09,-2.63E-12,2.80E-11,-3.32E-11,0.905,2.325,2.373,2.277,0,data/avgP/NMWC_OS2.csv,2758,145.5,MWC,Northern,Open Soil,2,0 days 00:20:21
0,106,N,MWC,UT,3,NMWC UT 3,0.5,0.41,8/21/19 10:01,2019-08-21 10:01:00,16458,2019-08-21 10:55:21,2019,8,21,11,232, 28.0,817.5, 41.5,35.6, 42.4,2.41e-06,770.0,1.46E-09,278.0,4.05E-07,8.10E-10,8.80E-10,7.40E-10,0.357,1.458E-09,1.52E-09,1.40E-09,-3.10E-12,5.45E-11,-6.07E-11,0.567,2.276,2.366,2.186,0,data/avgP/NMWC_UT3.csv,2758,145.5,MWC,Northern,Under Tree,3,0 days 00:54:21
0,107,N,O,UT,3,NO UT 3,1.2,1.02,8/17/19 10:47,2019-08-17 10:47:00,17516,2019-08-17 10:55:21,2019,8,17,11,168, 34.8,810.4, 36.4,26.2, 36.6,5.32e-07,192.0,2.47E-09,278.0,6.87E-07,1.88E-09,1.93E-09,1.83E-09,0.945,2.471E-09,2.50E-09,2.44E-09,-2.85E-12,3.06E-11,-3.63E-11,0.975,3.86,3.912,3.808,0,data/avgP/NO_UT3.csv,2758,145.5,O,Northern,Under Tree,3,0 days 00:08:21
0,108,N,O,OS,1,NO OS 1,3.32,2.46,8/22/19 11:43,2019-08-22 11:43:00,7198,2019-08-22 11:55:21,2019,8,22,12,304, 41.1,806.2, 21.7,14.8, 22.4,2.47e-07,86.0,2.12E-10,278.0,5.90E-08,2.12E-10,2.64E-10,1.60E-10,0.312,-2.035E-10,-1.58E-10,-2.49E-10,1.99E-12,4.73E-11,-4.33E-11,0.480,0.331,0.413,0.25,0,data/avgP/NO_OS1.csv,2758,145.5,O,Northern,Open Soil,1,0 days 00:12:21
0,109,N,MWC,OS,2,NMWC OS 2,1.29,1.27,8/16/19 15:01,2019-08-16 15:01:00,227,2019-08-16 14:55:21,2019,8,16,15,235, 33.1,810.6, 31.5,25.5, 33.6,3.95e-07,134.0,7.02E-10,278.0,1.95E-07,7.02E-10,7.34E-10,6.71E-10,0.894,4.374E-10,4.64E-10,4.11E-10,1.27E-12,2.78E-11,-2.53E-11,0.923,1.097,1.146,1.048,0,data/avgP/NMWC_OS2.csv,2758,145.5,MWC,Northern,Open Soil,2,0 days 00:05:39
0,110,N,O,OM,1,NO OM 1,2.3,1.82,8/21/19 10:22,2019-08-21 10:22:00,2728,2019-08-21 10:55:21,2019,8,21,11,293, 26.9,817.5, 47.0,44.7, 47.8,7.96e-07,252.0,4.81E-10,278.0,1.34E-07,4.81E-10,5.26E-10,4.36E-10,0.743,3.686E-10,4.13E-10,3.24E-10,5.38E-13,4.52E-11,-4.41E-11,0.749,0.751,0.821,0.681,0,data/avgP/NO_OM1.csv,2758,145.5,O,Northern,Termite Soil,1,0 days 00:33:21
0,111,N,MWC,OS,3,NMWC OS 3,1.29,1.36,8/15/19 11:39,2019-08-15 11:39:00,21975,2019-08-15 11:55:21,2019,8,15,12,176, 36.7,811.5, 33.8,26.2, 34.3,4.14e-07,138.0,3.99E-09,278.0,1.11E-06,2.99E-09,3.07E-09,2.91E-09,0.935,3.994E-09,4.05E-09,3.94E-09,-4.81E-12,4.76E-11,-5.73E-11,0.973,6.237,6.319,6.155,0,data/avgP/NMWC_OS3.csv,2758,145.5,MWC,Northern,Open Soil,3,0 days 00:16:21
0,112,N,O,OM,2,NO OM 2,3.14,3.08,8/16/19 16:05,2019-08-16 16:05:00,1418,2019-08-16 15:55:21,2019,8,16,16,127, 28.2,814.9, 37.3,30.9, 39.7,5.529999999999999e-07,185.0,2.38E-09,278.0,6.60E-07,1.82E-09,1.88E-09,1.75E-09,0.874,2.376E-09,2.43E-09,2.32E-09,-2.68E-12,4.88E-11,-5.42E-11,0.913,3.71,3.791,3.63,0,data/avgP/NO_OM2.csv,2758,145.5,O,Northern,Termite Soil,2,0 days 00:09:39
0,113,N,MWC,OM,2,NMWC OM 2,0.34,0.26,8/9/19 15:09,2019-08-09 15:09:00,9928,2019-08-09 14:55:21,2019,8,9,15,89, 34.1,797.0, 20.5,17.2, 22.3,4.5899999999999997e-07,179.0,1.39E-09,278.0,3.86E-07,1.03E-09,1.07E-09,9.85E-10,0.818,1.390E-09,1.43E-09,1.35E-09,-1.74E-12,3.38E-11,-3.72E-11,0.870,2.171,2.226,2.116,0,data/avgP/NMWC_OM2.csv,2758,145.5,MWC,Northern,Termite Soil,2,0 days 00:13:39
0,114,N,O,UT,2,NO UT 2,1.46,1.37,8/16/19 16:09,2019-08-16 16:09:00,11662,2019-08-16 15:55:21,2019,8,16,16,254, 29.2,814.9, 37.0,32.3, 38.8,2.7100000000000003e-07,71.0,5.15E-11,278.0,1.43E-08,5.15E-11,1.08E-10,-5.06E-12,0.007,-7.926E-10,-7.71E-10,-8.15E-10,4.04E-12,2.61E-11,-1.80E-11,0.850,0.081,0.169,-0.008,0,data/avgP/NO_UT2.csv,2758,145.5,O,Northern,Under Tree,2,0 days 00:13:39
0,115,N,MWC,OS,2,NMWC OS 2,1.79,1.53,8/19/19 15:46,2019-08-19 15:46:00,298,2019-08-19 15:55:21,2019,8,19,16,306, 35.2,805.5, 31.4,24.9, 33.8,3.39e-07,114.0,1.52E-10,278.0,4.23E-08,1.52E-10,1.92E-10,1.13E-10,0.221,-1.197E-10,-8.39E-11,-1.55E-10,1.30E-12,3.71E-11,-3.45E-11,0.362,0.238,0.299,0.176,0,data/avgP/NMWC_OS2.csv,2758,145.5,MWC,Northern,Open Soil,2,0 days 00:09:21
0,116,N,O,OM,1,NO OM 1,4.15,4.22,8/19/19 14:42,2019-08-19 14:42:00,2707,2019-08-19 14:55:21,2019,8,19,15,271, 26.3,814.4, 47.8,44.9, 48.8,7.909999999999999e-07,241.0,2.30E-10,278.0,6.41E-08,2.30E-10,2.87E-10,1.74E-10,0.438,-3.396E-10,-2.95E-10,-3.84E-10,2.73E-12,4.70E-11,-4.15E-11,0.657,0.36,0.448,0.272,0,data/avgP/NO_OM1.csv,2758,145.5,O,Northern,Termite Soil,1,0 days 00:13:21
0,117,N,MWC,OM,2,NMWC OM 2,0.39,0.22,8/16/19 9:30,2019-08-16 09:30:00,9996,2019-08-16 09:55:21,2019,8,16,10,163, 24.7,821.6, 42.4,37.0, 45.4,7.15e-07,205.0,-4.28E-10,278.0,-1.19E-07,-4.28E-10,-3.71E-10,-4.85E-10,-2.867,-9.007E-10,-8.51E-10,-9.50E-10,2.26E-12,5.15E-11,-4.70E-11,-1.859,-0.668,-0.579,-0.758,0,data/avgP/NMWC_OM2.csv,2758,145.5,MWC,Northern,Termite Soil,2,0 days 00:25:21
0,118,N,MWC,OM,2,NMWC OM 2,0.73,0.6,8/16/19 15:05,2019-08-16 15:05:00,10001,2019-08-16 14:55:21,2019,8,16,15,168, 30.4,810.6, 29.3,24.2, 31.6,4.6200000000000003e-07,148.0,8.31E-10,278.0,2.31E-07,4.38E-10,4.95E-10,3.82E-10,-0.594,8.312E-10,8.82E-10,7.80E-10,-1.88E-12,4.89E-11,-5.26E-11,-0.296,1.298,1.377,1.219,0,data/avgP/NMWC_OM2.csv,2758,145.5,MWC,Northern,Termite Soil,2,0 days 00:09:39
0,119,N,O,UT,1,NO UT 1,2.11,1.93,8/19/19 14:46,2019-08-19 14:46:00,13305,2019-08-19 14:55:21,2019,8,19,15,611, 30.4,814.4, 42.9,33.6, 46.2,3.41e-07,114.0,1.07E-09,278.0,2.98E-07,7.28E-10,7.73E-10,6.84E-10,0.440,1.073E-09,1.11E-09,1.03E-09,-1.65E-12,3.71E-11,-4.04E-11,0.570,1.675,1.736,1.615,0,data/avgP/NO_UT1.csv,2758,145.5,O,Northern,Under Tree,1,0 days 00:09:21
0,120,N,O,UT,1,NO UT 1,0.62,0.36,8/17/19 11:02,2019-08-17 11:02:00,13276,2019-08-17 11:55:21,2019,8,17,12,580, 38.9,810.6, 31.4,21.1, 34.5,2.37e-07,93.0,1.45E-09,278.0,4.02E-07,7.95E-10,8.66E-10,7.25E-10,-0.208,1.446E-09,1.50E-09,1.39E-09,-3.12E-12,5.49E-11,-6.11E-11,0.185,2.259,2.349,2.168,0,data/avgP/NO_UT1.csv,2758,145.5,O,Northern,Under Tree,1,0 days 00:53:21
0,121,N,MWC,UT,3,NMWC UT 3,0.57,0.57,8/9/19 15:26,2019-08-09 15:26:00,16334,2019-08-09 15:55:21,2019,8,9,16,89, 45.0,797.2, 12.8,5.6, 16.8,1.2e-06,381.0,-4.44E-10,278.0,-1.23E-07,-4.44E-10,-2.95E-10,-5.93E-10,-1.417,-2.138E-09,-2.03E-09,-2.24E-09,8.11E-12,1.14E-10,-9.77E-11,-0.220,-0.693,-0.461,-0.926,10,data/avgP/NMWC_UT3.csv,2758,145.5,MWC,Northern,Under Tree,3,0 days 00:29:21
0,122,N,O,OM,3,NO OM 3,5.6,5.65,8/13/19 13:23,2019-08-13 13:23:00,23408,2019-08-13 12:55:21,2019,8,13,13,109, 32.4,811.5, 38.6,25.8, 42.0,4.46e-07,136.0,7.47E-10,278.0,2.08E-07,7.47E-10,8.11E-10,6.84E-10,0.760,7.211E-10,7.84E-10,6.58E-10,1.26E-13,6.34E-11,-6.31E-11,0.761,1.167,1.266,1.069,0,data/avgP/NO_OM3.csv,2758,145.5,O,Northern,Termite Soil,3,0 days 00:27:39
0,123,N,O,OS,2,NO OS 2,2.45,2.19,8/20/19 10:45,2019-08-20 10:45:00,8607,2019-08-20 10:55:21,2019,8,20,11,253, 35.3,811.3, 34.2,28.3, 36.1,0.0,0.0,2.26E-10,278.0,6.28E-08,2.07E-10,2.24E-10,1.90E-10,0.617,2.260E-10,2.43E-10,2.09E-10,-9.16E-14,1.67E-11,-1.69E-11,0.619,0.353,0.379,0.327,0,data/avgP/NO_OS2.csv,2758,145.5,O,Northern,Open Soil,2,0 days 00:10:21
0,124,N,O,OM,2,NO OM 2,3.03,2.9,8/22/19 11:26,2019-08-22 11:26:00,1457,2019-08-22 11:55:21,2019,8,22,12,171, 35.4,806.2, 31.9,24.6, 33.1,8.61e-07,275.0,3.54E-09,278.0,9.85E-07,3.54E-09,3.64E-09,3.45E-09,0.963,2.896E-09,2.98E-09,2.81E-09,3.09E-12,8.84E-11,-8.22E-11,0.970,5.531,5.678,5.384,0,data/avgP/NO_OM2.csv,2758,145.5,O,Northern,Termite Soil,2,0 days 00:29:21
0,125,N,MWC,UT,2,NMWC UT 2,1.43,1.12,8/14/19 9:39,2019-08-14 09:39:00,15476,2019-08-14 10:55:21,2019,8,14,11,359, 31.5,813.5, 42.1, 37.7, 43.1,4.33e-07,146.0,2.21E-09,278.0,6.15E-07,1.52E-09,1.58E-09,1.46E-09,0.860,2.211E-09,2.25E-09,2.17E-09,-3.32E-12,3.61E-11,-4.27E-11,0.936,3.452,3.514,3.391,0,data/avgP/NMWC_UT2.csv,2758,145.5,MWC,Northern,Under Tree,2,0 days 01:16:21
0,126,N,MWC,OM,2,NMWC OM 2,0.09,-0.02,8/22/19 12:17,2019-08-22 12:17:00,10078,2019-08-22 11:55:21,2019,8,22,12,254, 34.9,806.2, 34.5,23.1, 34.8,1.5e-06,499.0,-1.83E-10,278.0,-5.10E-08,-1.83E-10,-9.76E-11,-2.69E-10,-0.962,-1.102E-09,-1.04E-09,-1.17E-09,4.40E-12,6.87E-11,-5.99E-11,-0.102,-0.286,-0.152,-0.42,0,data/avgP/NMWC_OM2.csv,2758,145.5,MWC,Northern,Termite Soil,2,0 days 00:21:39
0,127,N,O,OS,2,NO OS 2,2.79,3.05,8/8/19 14:49,2019-08-08 14:49:00,8439,2019-08-08 14:55:21,2019,8,8,15,46, 33.4,811.0, 31.0,26.6, 32.5,0.0,0.0,6.10E-10,278.0,1.70E-07,6.10E-10,6.35E-10,5.85E-10,0.887,5.670E-10,5.92E-10,5.42E-10,2.05E-13,2.54E-11,-2.50E-11,0.888,0.952,0.992,0.913,0,data/avgP/NO_OS2.csv,2758,145.5,O,Northern,Open Soil,2,0 days 00:06:21
0,128,N,MWC,OS,1,NMWC OS 1,0.73,0.41,8/17/19 9:36,2019-08-17 09:36:00,3852,2019-08-17 08:55:21,2019,8,17,9,249,23.3,827.1,52.0,49.7,52.7,1.04e-06,303.0,1.82e-09,278.0,5.05e-07,1.82e-09,1.93e-09,1.71e-09,0.875,7.278e-10,8.150000000000001e-10,6.410000000000001e-10,5.22e-12,9.24e-11,-8.2e-11,0.922,2.839,3.011,2.668,0,data/avgP/NMWC_OS1.csv,2758,145.5,MWC,Northern,Open Soil,1,0 days 00:40:39
0,129,N,MWC,OM,3,NMWC OM 3,0.75,0.62,8/9/19 15:17,2019-08-09 15:17:00,20140,2019-08-09 14:55:21,2019,8,9,15,89, 36.9,797.0, 24.9,18.7, 26.0,6.070000000000001e-07,165.0,-2.69E-10,278.0,-7.47E-08,-2.69E-10,-1.63E-10,-3.74E-10,-1.713,-1.334E-09,-1.25E-09,-1.42E-09,5.10E-12,8.75E-11,-7.73E-11,-0.655,-0.42,-0.255,-0.584,0,data/avgP/NMWC_OM3.csv,2758,145.5,MWC,Northern,Termite Soil,3,0 days 00:21:39
0,130,N,O,OS,3,NO OS 3,3.02,3.35,8/20/19 14:55,2019-08-20 14:55:00,18797,2019-08-20 14:55:21,2019,8,20,15,247, 36.0,803.5, 28.2,22.6, 28.9,1.74e-07,31.0,1.05E-10,278.0,2.92E-08,1.05E-10,1.72E-10,3.75E-11,0.113,-7.871E-10,-7.48E-10,-8.26E-10,4.27E-12,4.31E-11,-3.46E-11,0.707,0.164,0.269,0.059,0,data/avgP/NO_OS3.csv,2758,145.5,O,Northern,Open Soil,3,0 days 00:00:21
0,131,N,O,UT,3,NO UT 3,1.14,0.76,8/22/19 11:38,2019-08-22 11:38:00,17630,2019-08-22 11:55:21,2019,8,22,12,283, 38.7,806.2, 30.2,22.7, 30.2,5.67e-07,169.0,9.23E-10,278.0,2.56E-07,9.23E-10,1.01E-09,8.37E-10,0.759,8.689E-11,1.55E-10,1.86E-11,4.00E-12,7.23E-11,-6.43E-11,0.847,1.441,1.574,1.307,0,data/avgP/NO_UT3.csv,2758,145.5,O,Northern,Under Tree,3,0 days 00:17:21
0,132,N,O,OS,3,NO OS 3,0.81,0.59,8/22/19 11:34,2019-08-22 11:34:00,18836,2019-08-22 11:56:18,2019,8,22,12,287, 38.2,806.2, 27.8,21.6, 28.7,1.0300000000000001e-07,60.0,1.26E-09,278.0,3.50E-07,1.02E-09,1.08E-09,9.65E-10,0.719,1.259E-09,1.31E-09,1.21E-09,-1.14E-12,5.21E-11,-5.44E-11,0.739,1.966,2.049,1.883,0,data/avgP/NO_OS3.csv,2758,145.5,O,Northern,Open Soil,3,0 days 00:22:18
0,133,N,MWC,OM,3,NMWC OM 3,2.37,1.87,8/19/19 15:31,2019-08-19 15:31:00,20372,2019-08-19 15:55:21,2019,8,19,16,326, 31.3,805.5, 34.7,28.5, 36.9,3.86e-07,97.0,-1.62E-10,278.0,-4.49E-08,-1.62E-10,-8.24E-11,-2.41E-10,-1.064,-7.533E-10,-6.83E-10,-8.24E-10,2.83E-12,7.33E-11,-6.76E-11,-0.625,-0.252,-0.129,-0.376,0,data/avgP/NMWC_OM3.csv,2758,145.5,MWC,Northern,Termite Soil,3,0 days 00:24:21
0,134,N,O,OS,3,NO OS 3,1.07,0.9,8/8/19 15:08,2019-08-08 15:08:00,18630,2019-08-08 14:55:21,2019,8,8,15,59, 31.6,811.0, 34.5,29.3, 35.8,5.81e-07,189.0,1.75E-10,278.0,4.87E-08,1.75E-10,2.19E-10,1.32E-10,0.302,-9.903E-11,-5.90E-11,-1.39E-10,1.31E-12,4.14E-11,-3.88E-11,0.408,0.274,0.342,0.206,0,data/avgP/NO_OS3.csv,2758,145.5,O,Northern,Open Soil,3,0 days 00:12:39
0,135,N,O,OM,1,NO OM 1,2.42,2.53,8/16/19 10:02,2019-08-16 10:02:00,2632,2019-08-16 09:55:21,2019,8,16,10,196, 22.6,821.6, 50.2,46.6, 51.6,8e-07,265.0,1.44E-09,278.0,4.01E-07,9.35E-10,9.79E-10,8.92E-10,0.782,1.441E-09,1.47E-09,1.41E-09,-2.42E-12,2.75E-11,-3.23E-11,0.896,2.251,2.298,2.204,0,data/avgP/NO_OM1.csv,2758,145.5,O,Northern,Termite Soil,1,0 days 00:06:39
0,136,N,O,OS,2,NO OS 2,2.44,2.44,8/15/19 11:21,2019-08-15 11:21:00,8526,2019-08-15 11:55:21,2019,8,15,12,136, 36.6,811.5, 37.6,25.5, 37.6,0.0,0.0,3.62E-10,278.0,1.01E-07,3.62E-10,3.81E-10,3.43E-10,0.853,1.843E-10,2.00E-10,1.68E-10,8.51E-13,1.69E-11,-1.52E-11,0.900,0.565,0.596,0.535,0,data/avgP/NO_OS2.csv,2758,145.5,O,Northern,Open Soil,2,0 days 00:34:21
0,137,N,MWC,UT,1,NMWC UT 1,1.24,1.53,8/15/19 12:12,2019-08-15 12:12:00,14152,2019-08-15 11:55:21,2019,8,15,12,209, 27.7,811.5, 45.2,41.3, 47.4,5.6e-07,149.0,-2.24E-10,278.0,-6.22E-08,-2.24E-10,-1.49E-10,-2.99E-10,-1.938,-1.101E-09,-1.05E-09,-1.15E-09,4.20E-12,5.63E-11,-4.79E-11,-0.407,-0.35,-0.232,-0.467,0,data/avgP/NMWC_UT1.csv,2758,145.5,MWC,Northern,Under Tree,1,0 days 00:16:39
0,138,N,MWC,OM,2,NMWC OM 2,1.72,1.39,8/13/19 11:42,2019-08-13 11:42:00,9955,2019-08-13 11:56:17,2019,8,13,12,117, 31.5,812.8, 45.8,31.3, 47.9,5.61e-07,188.0,6.11E-10,278.0,1.70E-07,2.47E-10,2.92E-10,2.01E-10,-0.042,6.112E-10,6.51E-10,5.71E-10,-1.75E-12,3.81E-11,-4.16E-11,0.211,0.955,1.017,0.892,0,data/avgP/NMWC_OM2.csv,2758,145.5,MWC,Northern,Termite Soil,2,0 days 00:14:17
0,139,N,O,OM,3,NO OM 3,6.14,5.91,8/15/19 11:06,2019-08-15 11:06:00,23454,2019-08-15 11:55:21,2019,8,15,12,155, 33.8,811.5, 35.5,26.9, 35.5,3.27e-07,95.0,1.64E-09,278.0,4.56E-07,1.00E-09,1.06E-09,9.46E-10,0.763,1.640E-09,1.68E-09,1.60E-09,-3.04E-12,4.07E-11,-4.68E-11,0.869,2.56,2.629,2.492,0,data/avgP/NO_OM3.csv,2758,145.5,O,Northern,Termite Soil,3,0 days 00:49:21
0,140,N,MWC,UT,3,NMWC UT 3,1.11,0.88,8/15/19 11:45,2019-08-15 11:45:00,16377,2019-08-15 11:55:21,2019,8,15,12,147, 29.7,811.5, 43.6,34.6, 45.1,2.35e-06,787.0,1.08E-09,278.0,2.99E-07,7.23E-10,7.80E-10,6.65E-10,0.584,1.076E-09,1.13E-09,1.02E-09,-1.69E-12,5.20E-11,-5.53E-11,0.643,1.68,1.764,1.596,0,data/avgP/NMWC_UT3.csv,2758,145.5,MWC,Northern,Under Tree,3,0 days 00:10:21
0,141,N,O,OM,3,NO OM 3,4.11,3.74,8/8/19 15:12,2019-08-08 15:12:00,23358,2019-08-08 14:55:21,2019,8,8,15,59, 29.5,811.0, 33.9,30.4, 34.8,5.37e-07,164.0,1.26E-09,278.0,3.50E-07,1.07E-09,1.12E-09,1.02E-09,0.796,1.260E-09,1.31E-09,1.21E-09,-8.97E-13,4.91E-11,-5.09E-11,0.806,1.968,2.046,1.89,0,data/avgP/NO_OM3.csv,2758,145.5,O,Northern,Termite Soil,3,0 days 00:16:39
0,142,N,MWC,OM,1,NMWC OM 1,4.72,4.35,8/19/19 16:00,2019-08-19 16:00:00,5724,2019-08-19 15:55:21,2019,8,19,16,309, 35.7,805.5, 30.8,26.7, 32.6,3.21e-08,10.0,1.05E-08,278.0,2.92E-06,1.05E-08,1.09E-08,1.01E-08,0.935,4.375E-09,4.50E-09,4.25E-09,2.93E-11,1.59E-10,-1.00E-10,0.993,16.385,17.008,15.761,0,data/avgP/NMWC_OM1.csv,2758,145.5,MWC,Northern,Termite Soil,1,0 days 00:04:39
0,143,N,O,OM,3,NO OM 3,4.38,4.5,8/19/19 15:04,2019-08-19 15:04:00,23520,2019-08-19 14:55:21,2019,8,19,15,223, 26.3,814.4, 43.9,41.4, 45.3,2.95e-07,87.0,8.25E-10,278.0,2.29E-07,8.25E-10,8.52E-10,7.98E-10,0.945,6.957E-10,7.21E-10,6.70E-10,6.19E-13,2.61E-11,-2.49E-11,0.950,1.288,1.33,1.247,0,data/avgP/NO_OM3.csv,2758,145.5,O,Northern,Termite Soil,3,0 days 00:08:39
0,144,N,MWC,OS,3,NMWC OS 3,1.38,1.24,8/20/19 15:57,2019-08-20 15:57:00,22075,2019-08-20 15:55:21,2019,8,20,16,279, 34.3,806.9, 29.2,24.7, 30.3,2.19e-08,0.0,1.71E-09,278.0,4.76E-07,1.60E-09,1.66E-09,1.55E-09,0.896,1.713E-09,1.77E-09,1.66E-09,-5.36E-13,5.39E-11,-5.50E-11,0.898,2.676,2.761,2.591,0,data/avgP/NMWC_OS3.csv,2758,145.5,MWC,Northern,Open Soil,3,0 days 00:01:39
0,145,N,O,OS,3,NO OS 3,0.7,0.62,8/21/19 10:39,2019-08-21 10:39:00,18812,2019-08-21 11:56:18,2019,8,21,12,263, 34.7,812.2, 31.8,26.1, 32.5,1.8600000000000002e-07,78.0,6.41E-10,278.0,1.78E-07,5.09E-10,5.51E-10,4.67E-10,0.623,6.408E-10,6.82E-10,6.00E-10,-6.32E-13,4.06E-11,-4.18E-11,0.638,1.001,1.065,0.936,0,data/avgP/NO_OS3.csv,2758,145.5,O,Northern,Open Soil,3,0 days 01:17:18
0,146,N,O,OM,3,NO OM 3,4.94,4.62,8/16/19 10:21,2019-08-16 10:21:00,23476,2019-08-16 09:55:21,2019,8,16,10,177, 25.2,821.6, 40.1,36.5, 41.6,4.3299999999999997e-07,133.0,1.37E-09,278.0,3.82E-07,1.11E-09,1.14E-09,1.08E-09,0.946,1.374E-09,1.40E-09,1.35E-09,-1.27E-12,2.56E-11,-2.82E-11,0.960,2.145,2.187,2.103,0,data/avgP/NO_OM3.csv,2758,145.5,O,Northern,Termite Soil,3,0 days 00:25:39
0,147,N,O,OM,3,NO OM 3,6.88,7.49,8/21/19 10:43,2019-08-21 10:43:00,23544,2019-08-21 10:55:21,2019,8,21,11,247, 30.3,817.5, 39.6,30.7, 39.4,3.5e-07,92.0,1.69E-09,278.0,4.70E-07,1.64E-09,1.72E-09,1.56E-09,0.894,1.692E-09,1.77E-09,1.61E-09,-2.31E-13,7.90E-11,-7.95E-11,0.894,2.642,2.766,2.518,0,data/avgP/NO_OM3.csv,2758,145.5,O,Northern,Termite Soil,3,0 days 00:12:21
0,148,N,MWC,OM,2,NMWC OM 2,0.65,0.54,8/15/19 11:51,2019-08-15 11:51:00,9983,2019-08-15 11:55:21,2019,8,15,12,148, 31.1,811.5, 41.8,33.0, 42.3,4.66e-07,168.0,1.39E-09,278.0,3.87E-07,9.35E-10,1.00E-09,8.65E-10,0.439,1.392E-09,1.46E-09,1.33E-09,-2.19E-12,6.19E-11,-6.63E-11,0.530,2.174,2.274,2.074,0,data/avgP/NMWC_OM2.csv,2758,145.5,MWC,Northern,Termite Soil,2,0 days 00:04:21
0,149,N,MWC,OM,2,NMWC OM 2,0.33,0.39,8/21/19 9:36,2019-08-21 09:36:00,10057,2019-08-21 09:55:21,2019,8,21,10,231, 25.6,820.5, 47.6,40.5, 49.7,1.33e-06,478.0,3.55E-09,278.0,9.88E-07,1.49E-09,1.65E-09,1.33E-09,-7.412,3.554E-09,3.65E-09,3.45E-09,-9.89E-12,9.07E-11,-1.11E-10,-2.220,5.55,5.707,5.393,0,data/avgP/NMWC_OM2.csv,2758,145.5,MWC,Northern,Termite Soil,2,0 days 00:19:21
0,150,N,O,UT,1,NO UT 1,0.95,0.87,8/16/19 15:39,2019-08-16 15:39:00,13264,2019-08-16 15:55:21,2019,8,16,16,568, 30.8,814.9, 39.6,28.7, 43.3,3.94e-07,103.0,4.60E-10,278.0,1.28E-07,4.60E-10,5.12E-10,4.08E-10,0.701,1.621E-10,2.11E-10,1.13E-10,1.43E-12,5.05E-11,-4.76E-11,0.738,0.719,0.8,0.637,0,data/avgP/NO_UT1.csv,2758,145.5,O,Northern,Under Tree,1,0 days 00:16:21
0,151,N,O,OM,1,NO OM 1,3.2,3.19,8/13/19 12:48,2019-08-13 12:48:00,2581,2019-08-13 12:55:21,2019,8,13,13,144, 30.1,811.5, 44.2,37.2, 45.3,8.009999999999999e-07,275.0,1.87E-09,278.0,5.21E-07,1.43E-09,1.47E-09,1.38E-09,0.908,1.875E-09,1.91E-09,1.84E-09,-2.14E-12,3.59E-11,-4.02E-11,0.940,2.927,2.987,2.868,0,data/avgP/NO_OM1.csv,2758,145.5,O,Northern,Termite Soil,1,0 days 00:07:21
0,152,N,MWC,OM,2,NMWC OM 2,0.92,0.68,8/19/19 15:43,2019-08-19 15:43:00,10032,2019-08-19 15:55:21,2019,8,19,16,206, 35.1,805.5, 30.4,18.0, 33.9,2.89e-07,115.0,1.45E-09,278.0,4.03E-07,7.71E-10,8.32E-10,7.10E-10,0.202,1.448E-09,1.49E-09,1.40E-09,-3.24E-12,4.08E-11,-4.73E-11,0.581,2.262,2.331,2.193,0,data/avgP/NMWC_OM2.csv,2758,145.5,MWC,Northern,Termite Soil,2,0 days 00:12:21
0,153,N,MWC,UT,2,NMWC UT 2,0.57,0.51,8/9/19 15:00,2019-08-09 15:00:00,15442,2019-08-09 14:55:21,2019,8,9,15,325, 39.0,797.0, 20.7, 13.9, 23.2,6.82e-07,209.0,1.61E-09,278.0,4.49E-07,1.61E-09,1.69E-09,1.54E-09,0.898,8.254E-10,8.85E-10,7.65E-10,3.77E-12,6.38E-11,-5.63E-11,0.938,2.52,2.64,2.399,0,data/avgP/NMWC_UT2.csv,2758,145.5,MWC,Northern,Under Tree,2,0 days 00:04:39
0,154,N,MWC,UT,3,NMWC UT 3,0.68,0.52,8/22/19 12:13,2019-08-22 12:13:00,16477,2019-08-22 11:55:21,2019,8,22,12,252, 34.2,806.2, 33.1,25.8, 34.4,2.37e-06,759.0,6.66E-10,278.0,1.85E-07,6.66E-10,8.23E-10,5.10E-10,0.465,-1.091E-09,-9.78E-10,-1.20E-09,8.42E-12,1.22E-10,-1.05E-10,0.722,1.041,1.285,0.796,0,data/avgP/NMWC_UT3.csv,2758,145.5,MWC,Northern,Under Tree,3,0 days 00:17:39
0,155,N,MWC,OS,1,NMWC OS 1,0.56,0.54,8/14/19 9:30,2019-08-14 09:30:00,3782,2019-08-14 09:55:21,2019,8,14,10,179,27.3,820.5,50.3,47.1,49.6,9.259999999999999e-07,313.0,4.04e-09,278.0,1.12e-06,1.8e-09,1.95e-09,1.66e-09,0.15,4.037e-09,4.08e-09,3.99e-09,-1.07e-11,3.28e-11,-5.4200000000000004e-11,0.9229999999999999,6.305,6.372999999999999,6.237,0,data/avgP/NMWC_OS1.csv,2758,145.5,MWC,Northern,Open Soil,1,0 days 00:25:21
0,156,N,MWC,UT,1,NMWC UT 1,1.38,1.88,8/16/19 9:52,2019-08-16 09:52:00,14165,2019-08-16 09:55:21,2019,8,16,10,224, 26.5,821.6, 42.8,36.6, 45.3,4.1700000000000004e-07,135.0,2.08E-09,278.0,5.79E-07,1.20E-09,1.27E-09,1.13E-09,0.471,2.083E-09,2.13E-09,2.04E-09,-4.21E-12,4.08E-11,-4.93E-11,0.785,3.253,3.323,3.183,0,data/avgP/NMWC_UT1.csv,2758,145.5,MWC,Northern,Under Tree,1,0 days 00:03:21
0,157,N,MWC,OS,3,NMWC OS 3,1.19,0.84,8/19/19 15:35,2019-08-19 15:35:00,22062,2019-08-19 15:55:21,2019,8,19,16,265, 35.8,805.5, 31.2,26.6, 33.2,2.0600000000000002e-07,51.0,9.38E-10,278.0,2.61E-07,9.38E-10,9.92E-10,8.84E-10,0.867,4.830E-10,5.29E-10,4.37E-10,2.18E-12,4.79E-11,-4.35E-11,0.904,1.465,1.549,1.381,0,data/avgP/NMWC_OS3.csv,2758,145.5,MWC,Northern,Open Soil,3,0 days 00:20:21
0,158,N,O,UT,1,NO UT 1,1.6,1.38,8/20/19 14:38,2019-08-20 14:38:00,13317,2019-08-20 14:55:21,2019,8,20,15,625, 35.5,803.5, 34.0,22.9, 36.7,1.8100000000000002e-07,67.0,1.58E-09,278.0,4.39E-07,9.01E-10,9.61E-10,8.40E-10,0.347,1.578E-09,1.62E-09,1.53E-09,-3.24E-12,4.05E-11,-4.70E-11,0.660,2.464,2.533,2.396,0,data/avgP/NO_UT1.csv,2758,145.5,O,Northern,Under Tree,1,0 days 00:17:21
0,159,N,O,OM,1,NO OM 1,2.92,2.61,8/22/19 11:52,2019-08-22 11:52:00,2739,2019-08-22 11:55:21,2019,8,22,12,305, 32.5,806.2, 40.4,29.8, 39.3,7e-07,239.0,1.13E-09,278.0,3.13E-07,4.40E-10,4.95E-10,3.85E-10,-0.305,1.126E-09,1.16E-09,1.09E-09,-3.28E-12,3.14E-11,-3.80E-11,0.477,1.758,1.812,1.704,0,data/avgP/NO_OM1.csv,2758,145.5,O,Northern,Termite Soil,1,0 days 00:03:21
0,160,N,O,OS,2,NO OS 2,2.51,2.56,8/13/19 13:40,2019-08-13 13:40:00,8487,2019-08-13 18:56:20,2019,8,13,19,96, 19.1,831.2, 86.5,82.2, 86.6,0.0,0.0,5.84E-10,278.0,1.62E-07,5.84E-10,6.28E-10,5.40E-10,0.813,-6.235E-11,-4.36E-11,-8.11E-11,3.10E-12,2.19E-11,-1.57E-11,0.966,0.912,0.981,0.843,0,data/avgP/NO_OS2.csv,2758,145.5,O,Northern,Open Soil,2,0 days 05:16:20
0,161,N,O,OS,1,NO OS 1,3.54,3.81,8/17/19 10:58,2019-08-17 10:58:00,7088,2019-08-17 11:55:21,2019,8,17,12,186, 42.7,810.6, 18.8,11.0, 20.2,1.1699999999999999e-07,47.0,2.17E-09,278.0,6.03E-07,1.43E-09,1.50E-09,1.35E-09,0.626,2.168E-09,2.23E-09,2.10E-09,-3.55E-12,5.98E-11,-6.69E-11,0.755,3.386,3.485,3.287,0,data/avgP/NO_OS1.csv,2758,145.5,O,Northern,Open Soil,1,0 days 00:57:21
0,162,N,MWC,UT,3,NMWC UT 3,1.79,1.33,8/19/19 15:38,2019-08-19 15:38:00,16434,2019-08-19 15:55:21,2019,8,19,16,207, 37.6,805.5, 24.3,17.4, 27.4,2.33e-06,805.0,3.57E-10,278.0,9.92E-08,3.57E-10,4.97E-10,2.17E-10,0.267,-1.090E-09,-9.82E-10,-1.20E-09,6.93E-12,1.15E-10,-1.01E-10,0.565,0.558,0.777,0.339,0,data/avgP/NMWC_UT3.csv,2758,145.5,MWC,Northern,Under Tree,3,0 days 00:17:21
0,163,N,MWC,OS,1,NMWC OS 1,1.63,1.15,8/19/19 16:03,2019-08-19 16:03:00,3905,2019-08-19 15:55:21,2019,8,19,16,302,35.5,805.5,31.1,26.8,33.3,7.77e-07,258.0,3.98e-10,278.0,1.11e-07,3.98e-10,4.49e-10,3.4700000000000004e-10,0.667,-1.799e-10,-1.43e-10,-2.17e-10,2.77e-12,3.96e-11,-3.4100000000000004e-11,0.8290000000000001,0.622,0.7020000000000001,0.542,0,data/avgP/NMWC_OS1.csv,2758,145.5,MWC,Northern,Open Soil,1,0 days 00:07:39
0,164,N,MWC,UT,1,NMWC UT 1,1.76,1.87,8/20/19 15:32,2019-08-20 15:32:00,14218,2019-08-20 15:55:21,2019,8,20,16,282, 31.0,806.9, 34.5,28.8, 36.1,1.85e-07,77.0,1.91E-09,278.0,5.31E-07,9.64E-10,1.04E-09,8.92E-10,0.079,1.912E-09,1.95E-09,1.87E-09,-4.54E-12,3.71E-11,-4.62E-11,0.691,2.986,3.051,2.921,0,data/avgP/NMWC_UT1.csv,2758,145.5,MWC,Northern,Under Tree,1,0 days 00:23:21
0,165,N,O,UT,3,NO UT 3,1.14,1.1,8/16/19 10:14,2019-08-16 10:14:00,17491,2019-08-16 09:55:21,2019,8,16,10,143, 28.4,821.6, 39.1,34.7, 41.1,7.179999999999999e-07,215.0,2.23E-09,278.0,6.20E-07,2.16E-09,2.22E-09,2.10E-09,0.961,2.230E-09,2.29E-09,2.17E-09,-3.42E-13,5.72E-11,-5.79E-11,0.961,3.483,3.573,3.393,0,data/avgP/NO_UT3.csv,2758,145.5,O,Northern,Under Tree,3,0 days 00:18:39
0,166,N,MWC,OM,3,NMWC OM 3,1.75,1.37,8/20/19 15:51,2019-08-20 15:51:00,21761,2019-08-20 15:55:21,2019,8,20,16,345, 28.9,806.9, 34.0,31.0, 34.8,2.73e-07,96.0,-1.98E-10,278.0,-5.51E-08,-1.98E-10,-1.67E-10,-2.30E-10,0.006,-4.179E-10,-3.90E-10,-4.46E-10,1.05E-12,2.94E-11,-2.73E-11,0.192,-0.31,-0.261,-0.359,100000,data/avgP/NMWC_OM3.csv,2758,145.5,MWC,Northern,Termite Soil,3,0 days 00:04:21
0,167,N,MWC,OM,3,NMWC OM 3,0.68,0.31,8/22/19 12:04,2019-08-22 12:04:00,20422,2019-08-22 11:55:21,2019,8,22,12,380, 33.8,806.2, 39.5,30.3, 38.5,3.48e-07,109.0,7.77E-10,278.0,2.16E-07,9.76E-11,1.59E-10,3.64E-11,-0.137,7.769E-10,8.22E-10,7.32E-10,-3.25E-12,4.14E-11,-4.79E-11,0.397,1.213,1.283,1.144,0,data/avgP/NMWC_OM3.csv,2758,145.5,MWC,Northern,Termite Soil,3,0 days 00:08:39
0,168,N,MWC,UT,3,NMWC UT 3,1.32,1.3,8/20/19 16:01,2019-08-20 16:01:00,16444,2019-08-20 15:55:21,2019,8,20,16,217, 34.6,806.9, 27.0,20.7, 29.8,2.26e-06,774.0,2.25E-09,278.0,6.25E-07,1.56E-09,1.66E-09,1.47E-09,0.588,2.247E-09,2.33E-09,2.16E-09,-3.28E-12,7.98E-11,-8.63E-11,0.674,3.509,3.639,3.38,0,data/avgP/NMWC_UT3.csv,2758,145.5,MWC,Northern,Under Tree,3,0 days 00:05:39
0,169,N,O,OM,3,NO OM 3,4.16,4.14,8/17/19 10:40,2019-08-17 10:40:00,23494,2019-08-17 10:55:21,2019,8,17,11,196, 31.2,810.4, 36.0,27.7, 37.1,3.41e-07,116.0,6.61E-10,278.0,1.84E-07,6.61E-10,6.99E-10,6.22E-10,0.864,4.162E-10,4.52E-10,3.80E-10,1.17E-12,3.69E-11,-3.45E-11,0.885,1.032,1.092,0.971,0,data/avgP/NO_OM3.csv,2758,145.5,O,Northern,Termite Soil,3,0 days 00:15:21
0,170,N,O,OS,1,NO OS 1,3.54,3.29,8/19/19 14:51,2019-08-19 14:51:00,7136,2019-08-19 14:55:21,2019,8,19,15,236, 29.1,814.4, 37.0,33.4, 38.8,2.51e-07,79.0,7.83E-10,278.0,2.18E-07,7.22E-10,7.58E-10,6.86E-10,0.775,7.834E-10,8.19E-10,7.48E-10,-2.94E-13,3.54E-11,-3.60E-11,0.777,1.223,1.279,1.168,0,data/avgP/NO_OS1.csv,2758,145.5,O,Northern,Open Soil,1,0 days 00:04:21
0,171,N,MWC,UT,3,NMWC UT 3,0.68,0.22,8/16/19 15:20,2019-08-16 15:20:00,16396,2019-08-16 15:55:21,2019,8,16,16,168, 28.4,814.9, 36.2,30.4, 38.5,2.39e-06,761.0,9.48E-10,278.0,2.64E-07,4.94E-10,5.55E-10,4.32E-10,-0.716,9.481E-10,1.00E-09,8.94E-10,-2.18E-12,5.23E-11,-5.66E-11,-0.354,1.481,1.566,1.396,0,data/avgP/NMWC_UT3.csv,2758,145.5,MWC,Northern,Under Tree,3,0 days 00:35:21
0,172,N,MWC,UT,1,NMWC UT 1,1.81,2.16,8/9/19 14:54,2019-08-09 14:54:00,14079,2019-08-09 14:55:21,2019,8,9,15,136, 39.2,797.0, 24.5,18.0, 25.9,4.21e-07,151.0,1.39E-09,278.0,3.85E-07,1.39E-09,1.45E-09,1.32E-09,0.851,1.253E-09,1.31E-09,1.19E-09,6.37E-13,6.16E-11,-6.03E-11,0.853,2.164,2.26,2.068,0,data/avgP/NMWC_UT1.csv,2758,145.5,MWC,Northern,Under Tree,1,0 days 00:01:21
0,173,N,O,UT,1,NO UT 1,0.96,0.79,8/22/19 11:47,2019-08-22 11:47:00,13351,2019-08-22 11:55:21,2019,8,22,12,661, 39.7,806.2, 30.7,21.7, 32.6,2.43e-07,90.0,1.07E-09,278.0,2.97E-07,5.46E-10,6.06E-10,4.87E-10,-1.908,1.068E-09,1.12E-09,1.02E-09,-2.50E-12,4.76E-11,-5.26E-11,-1.055,1.668,1.747,1.59,0,data/avgP/NO_UT1.csv,2758,145.5,O,Northern,Under Tree,1,0 days 00:08:21
0,174,N,O,OM,1,NO OM 1,2.17,2.0,8/17/19 11:06,2019-08-17 11:06:00,2657,2019-08-17 11:55:21,2019,8,17,12,221, 31.7,810.6, 40.9,30.4, 40.7,6.970000000000001e-07,231.0,1.32E-09,278.0,3.68E-07,9.36E-10,9.76E-10,8.96E-10,0.818,1.324E-09,1.36E-09,1.29E-09,-1.86E-12,3.02E-11,-3.39E-11,0.884,2.068,2.119,2.018,0,data/avgP/NO_OM1.csv,2758,145.5,O,Northern,Termite Soil,1,0 days 00:49:21
0,175,N,MWC,OM,2,NMWC OM 2,0.77,0.66,8/20/19 15:46,2019-08-20 15:46:00,10044,2019-08-20 15:55:21,2019,8,20,16,218, 30.8,806.9, 31.8,26.4, 33.8,1.29e-06,411.0,4.24E-10,278.0,1.18E-07,4.24E-10,4.68E-10,3.81E-10,0.722,2.142E-10,2.56E-10,1.72E-10,1.01E-12,4.27E-11,-4.07E-11,0.747,0.663,0.731,0.595,0,data/avgP/NMWC_OM2.csv,2758,145.5,MWC,Northern,Termite Soil,2,0 days 00:09:21
0,176,N,O,UT,3,NO UT 3,1.58,1.28,8/13/19 13:09,2019-08-13 13:09:00,17423,2019-08-13 12:55:21,2019,8,13,13,75, 35.0,811.5, 38.2,26.1, 41.4,4.8e-07,189.0,2.41E-09,278.0,6.69E-07,2.08E-09,2.12E-09,2.03E-09,0.952,2.406E-09,2.45E-09,2.36E-09,-1.58E-12,4.23E-11,-4.54E-11,0.961,3.757,3.825,3.688,0,data/avgP/NO_UT3.csv,2758,145.5,O,Northern,Under Tree,3,0 days 00:13:39
0,177,N,MWC,OS,3,NMWC OS 3,1.41,1.13,8/14/19 9:59,2019-08-14 09:59:00,21950,2019-08-14 09:55:21,2019,8,14,10,151, 29.2,820.5, 51.2,42.9, 52.3,5.57e-07,181.0,5.40E-09,278.0,1.50E-06,4.05E-09,4.16E-09,3.94E-09,0.928,5.399E-09,5.47E-09,5.33E-09,-6.46E-12,6.39E-11,-7.68E-11,0.970,8.431,8.541,8.321,0,data/avgP/NMWC_OS3.csv,2758,145.5,MWC,Northern,Open Soil,3,0 days 00:03:39
0,178,N,MWC,OS,3,NMWC OS 3,2.63,2.66,8/9/19 15:22,2019-08-09 15:22:00,21846,2019-08-09 14:55:21,2019,8,9,15,47, 42.6,797.0, 21.0,14.0, 21.7,4.0399999999999996e-07,114.0,4.51E-09,278.0,1.25E-06,3.36E-09,3.45E-09,3.27E-09,0.935,4.511E-09,4.57E-09,4.46E-09,-5.52E-12,4.94E-11,-6.05E-11,0.976,7.044,7.13,6.959,0,data/avgP/NMWC_OS3.csv,2758,145.5,MWC,Northern,Open Soil,3,0 days 00:26:39
0,179,N,MWC,OS,3,NMWC OS 3,1.67,1.5,8/22/19 12:09,2019-08-22 12:09:00,22103,2019-08-22 11:55:21,2019,8,22,12,310, 40.6,806.2, 28.5,21.2, 29.0,2.02e-08,29.0,5.90E-09,278.0,1.64E-06,3.21E-09,3.43E-09,2.99E-09,-0.153,5.900E-09,6.05E-09,5.75E-09,-1.29E-11,1.34E-10,-1.60E-10,0.495,9.214,9.443,8.984,0,data/avgP/NMWC_OS3.csv,2758,145.5,MWC,Northern,Open Soil,3,0 days 00:13:39
0,180,N,MWC,UT,1,NMWC UT 1,1.12,1.23,8/21/19 9:31,2019-08-21 09:31:00,14229,2019-08-21 09:55:21,2019,8,21,10,295, 27.1,820.5, 43.8,39.7, 45.4,2.69e-07,113.0,2.99E-09,278.0,8.32E-07,2.19E-09,2.25E-09,2.13E-09,0.927,2.991E-09,3.03E-09,2.96E-09,-3.82E-12,3.08E-11,-3.84E-11,0.976,4.671,4.725,4.617,0,data/avgP/NMWC_UT1.csv,2758,145.5,MWC,Northern,Under Tree,1,0 days 00:24:21
0,181,N,O,UT,2,NO UT 2,1.56,1.7,8/8/19 14:54,2019-08-08 14:54:00,11553,2019-08-08 14:55:21,2019,8,8,15,142, 31.9,811.0, 37.2,29.8, 39.2,3.9899999999999996e-07,137.0,1.36E-09,278.0,3.77E-07,9.06E-10,9.59E-10,8.53E-10,0.597,1.358E-09,1.40E-09,1.31E-09,-2.16E-12,4.30E-11,-4.73E-11,0.708,2.12,2.191,2.05,0,data/avgP/NO_UT2.csv,2758,145.5,O,Northern,Under Tree,2,0 days 00:01:21
0,182,N,MWC,UT,2,NMWC UT 2,1.85,1.84,8/22/19 12:29,2019-08-22 12:29:00,15606,2019-08-22 12:55:21,2019,8,22,13,489, 33.4,819.1, 32.1, 28.6, 32.5,1.46e-07,55.0,6.26E-09,278.0,1.74E-06,3.44E-09,3.63E-09,3.26E-09,0.625,6.264E-09,6.32E-09,6.20E-09,-1.35E-11,4.55E-11,-7.25E-11,0.961,9.782,9.874,9.69,0,data/avgP/NMWC_UT2.csv,2758,145.5,MWC,Northern,Under Tree,2,0 days 00:26:21
0,183,N,MWC,OS,1,NMWC OS 1,1.13,1.0,8/15/19 12:08,2019-08-15 12:08:00,3807,2019-08-15 11:55:21,2019,8,15,12,204,34.1,811.5,45.1,34.2,44.5,7.729999999999999e-07,299.0,4.99e-09,278.0,1.39e-06,3.04e-09,3.18e-09,2.9100000000000005e-09,0.731,4.9880000000000006e-09,5.05e-09,4.92e-09,-9.310000000000001e-12,5.529999999999999e-11,-7.390000000000001e-11,0.94,7.789,7.89,7.688,0,data/avgP/NMWC_OS1.csv,2758,145.5,MWC,Northern,Open Soil,1,0 days 00:12:39
0,184,N,MWC,OS,1,NMWC OS 1,1.8,1.37,8/9/19 14:49,2019-08-09 14:49:00,3740,2019-08-09 14:55:21,2019,8,9,15,136,37.6,797.0,21.4,16.4,22.7,2.21e-07,80.0,4.970000000000001e-09,278.0,1.38e-06,2.98e-09,3.12e-09,2.85e-09,0.816,4.969e-09,5.02e-09,4.91e-09,-9.5e-12,4.5299999999999995e-11,-6.43e-11,0.97,7.761,7.846,7.675,0,data/avgP/NMWC_OS1.csv,2758,145.5,MWC,Northern,Open Soil,1,0 days 00:06:21
0,185,N,MWC,OS,1,NMWC OS 1,1.09,0.89,8/16/19 9:47,2019-08-16 09:47:00,3829,2019-08-16 09:55:21,2019,8,16,10,226,27.8,821.6,39.6,35.2,41.6,7.87e-07,268.0,4.6100000000000004e-09,278.0,1.28e-06,3.21e-09,3.3e-09,3.11e-09,0.912,4.609e-09,4.65e-09,4.5700000000000006e-09,-6.71e-12,3.27e-11,-4.61e-11,0.985,7.197,7.2589999999999995,7.136,0,data/avgP/NMWC_OS1.csv,2758,145.5,MWC,Northern,Open Soil,1,0 days 00:08:21
0,186,N,MWC,OS,2,NMWC OS 2,0.73,0.61,8/21/19 9:41,2019-08-21 09:41:00,332,2019-08-21 08:55:21,2019,8,21,9,341, 22.7,827.8, 57.0,53.8, 57.8,7.64e-07,248.0,1.81E-09,278.0,5.04E-07,9.51E-10,1.01E-09,8.92E-10,0.591,1.811E-09,1.84E-09,1.79E-09,-4.12E-12,2.16E-11,-2.98E-11,0.923,2.829,2.869,2.788,0,data/avgP/NMWC_OS2.csv,2758,145.5,MWC,Northern,Open Soil,2,0 days 00:45:39
0,187,N,MWC,OS,2,NMWC OS 2,1.44,0.92,8/20/19 15:43,2019-08-20 15:43:00,321,2019-08-20 15:55:21,2019,8,20,16,329, 32.6,806.9, 32.1,26.9, 33.6,4.69e-07,146.0,-2.06E-10,278.0,-5.72E-08,-2.06E-10,-1.49E-10,-2.63E-10,-1.662,-9.483E-10,-9.14E-10,-9.82E-10,3.56E-12,3.74E-11,-3.03E-11,0.063,-0.321,-0.232,-0.41,0,data/avgP/NMWC_OS2.csv,2758,145.5,MWC,Northern,Open Soil,2,0 days 00:12:21
0,188,N,O,UT,2,NO UT 2,1.87,1.65,8/20/19 15:07,2019-08-20 15:07:00,11707,2019-08-20 15:55:21,2019,8,20,16,308, 35.2,806.9, 29.2,23.8, 30.7,6.55e-08,2.0,1.01E-09,278.0,2.81E-07,1.01E-09,1.06E-09,9.62E-10,0.900,5.817E-10,6.22E-10,5.42E-10,2.05E-12,4.19E-11,-3.78E-11,0.931,1.577,1.652,1.502,0,data/avgP/NO_UT2.csv,2758,145.5,O,Northern,Under Tree,2,0 days 00:48:21
0,189,N,MWC,OS,3,NMWC OS 3,1.05,0.88,8/16/19 15:16,2019-08-16 15:16:00,22002,2019-08-16 14:55:21,2019,8,16,15,203, 33.3,810.6, 31.9,25.3, 34.0,4.5e-07,120.0,5.88E-09,278.0,1.63E-06,3.76E-09,3.90E-09,3.61E-09,0.844,5.878E-09,5.94E-09,5.82E-09,-1.02E-11,5.22E-11,-7.25E-11,0.971,9.18,9.277,9.082,0,data/avgP/NMWC_OS3.csv,2758,145.5,MWC,Northern,Open Soil,3,0 days 00:20:39
0,190,N,MWC,OM,1,NMWC OM 1,3.22,2.48,8/16/19 9:43,2019-08-16 09:43:00,5648,2019-08-16 09:55:21,2019,8,16,10,233, 26.4,821.6, 40.6,37.0, 42.6,2.24e-07,70.0,1.23E-08,278.0,3.42E-06,1.20E-08,1.23E-08,1.18E-08,0.977,1.232E-08,1.26E-08,1.21E-08,-1.32E-12,2.36E-10,-2.39E-10,0.977,19.235,19.606,18.864,0,data/avgP/NMWC_OM1.csv,2758,145.5,MWC,Northern,Termite Soil,1,0 days 00:12:21
0,191,N,O,UT,2,NO UT 2,1.84,1.72,8/13/19 13:33,2019-08-13 13:33:00,11602,2019-08-13 18:56:19,2019,8,13,19,192, 18.9,831.2, 83.5,78.7, 83.9,7.76e-07,217.0,4.19E-10,278.0,1.16E-07,4.19E-10,4.70E-10,3.68E-10,0.700,-8.280E-11,-4.21E-11,-1.24E-10,2.40E-12,4.31E-11,-3.83E-11,0.810,0.654,0.734,0.574,0,data/avgP/NO_UT2.csv,2758,145.5,O,Northern,Under Tree,2,0 days 05:23:19
0,192,N,MWC,OM,1,NMWC OM 1,4.02,3.93,8/20/19 15:25,2019-08-20 15:25:00,5747,2019-08-20 14:55:21,2019,8,20,15,332, 36.2,803.5, 29.3,23.7, 29.5,5.32e-08,0.0,6.89E-09,278.0,1.92E-06,6.89E-09,7.19E-09,6.59E-09,0.919,3.174E-09,3.37E-09,2.98E-09,1.78E-11,2.10E-10,-1.75E-10,0.967,10.758,11.225,10.291,0,data/avgP/NMWC_OM1.csv,2758,145.5,MWC,Northern,Termite Soil,1,0 days 00:29:39
0,193,N,MWC,OS,1,NMWC OS 1,0.66,0.32,8/20/19 9:52,2019-08-20 09:52:00,3923,2019-08-20 09:55:21,2019,8,20,10,320,29.0,818.6,43.4,39.5,44.4,8e-07,266.0,3.829999999999999e-09,278.0,1.07e-06,3.829999999999999e-09,3.9200000000000005e-09,3.75e-09,0.971,2.821e-09,2.8800000000000004e-09,2.7600000000000004e-09,4.85e-12,6.820000000000001e-11,-5.85e-11,0.986,5.9879999999999995,6.127000000000001,5.849,0,data/avgP/NMWC_OS1.csv,2758,145.5,MWC,Northern,Open Soil,1,0 days 00:03:21
0,194,N,MWC,UT,2,NMWC UT 2,1.17,1.22,8/16/19 9:38,2019-08-16 09:38:00,15522,2019-08-16 09:55:21,2019,8,16,10,405, 27.1,821.6, 39.2, 34.9, 41.2,5.52e-07,178.0,3.38E-09,278.0,9.39E-07,3.07E-09,3.13E-09,3.02E-09,0.978,3.377E-09,3.43E-09,3.32E-09,-1.45E-12,5.20E-11,-5.49E-11,0.981,5.274,5.357,5.19,0,data/avgP/NMWC_UT2.csv,2758,145.5,MWC,Northern,Under Tree,2,0 days 00:17:21
0,195,N,MWC,OS,3,NMWC OS 3,0.83,0.84,8/16/19 9:20,2019-08-16 09:20:00,21996,2019-08-16 08:55:21,2019,8,16,9,197, 20.5,831.9, 56.9,52.0, 59.1,6.34e-07,203.0,7.26E-09,278.0,2.02E-06,4.86E-09,5.01E-09,4.70E-09,0.891,7.264E-09,7.31E-09,7.21E-09,-1.15E-11,3.82E-11,-6.13E-11,0.989,11.345,11.423,11.267,0,data/avgP/NMWC_OS3.csv,2758,145.5,MWC,Northern,Open Soil,3,0 days 00:24:39
0,196,N,MWC,UT,2,NMWC UT 2,0.57,0.49,8/21/19 9:44,2019-08-21 09:44:00,15587,2019-08-21 08:55:21,2019,8,21,9,470, 22.4,827.8, 55.7, 52.2, 57.1,5.45e-07,195.0,3.22E-09,278.0,8.96E-07,3.14E-09,3.20E-09,3.08E-09,0.978,3.223E-09,3.28E-09,3.17E-09,-4.03E-13,5.65E-11,-5.73E-11,0.978,5.033,5.122,4.944,0,data/avgP/NMWC_UT2.csv,2758,145.5,MWC,Northern,Under Tree,2,0 days 00:48:39
0,197,N,O,UT,3,NO UT 3,2.41,2.71,8/8/19 15:04,2019-08-08 15:04:00,17377,2019-08-08 18:55:21,2019,8,8,19,29, 19.3,830.1, 57.0,56.2, 57.1,9.05e-07,305.0,3.91E-09,278.0,1.09E-06,2.91E-09,2.99E-09,2.83E-09,0.926,3.910E-09,3.96E-09,3.86E-09,-4.79E-12,4.37E-11,-5.33E-11,0.972,6.106,6.182,6.03,0,data/avgP/NO_UT3.csv,2758,145.5,O,Northern,Under Tree,3,0 days 03:51:21
0,198,N,MWC,OS,3,NMWC OS 3,1.09,0.96,8/20/19 9:24,2019-08-20 09:24:00,22069,2019-08-20 09:55:21,2019,8,20,10,273, 30.4,818.6, 43.2,37.6, 44.6,3.24e-07,88.0,4.29E-09,278.0,1.19E-06,2.97E-09,3.07E-09,2.87E-09,0.891,4.289E-09,4.34E-09,4.24E-09,-6.32E-12,4.55E-11,-5.82E-11,0.969,6.699,6.78,6.618,0,data/avgP/NMWC_OS3.csv,2758,145.5,MWC,Northern,Open Soil,3,0 days 00:31:21
0,199,N,O,UT,3,NO UT 3,1.58,1.35,8/20/19 10:23,2019-08-20 10:23:00,17581,2019-08-20 09:55:21,2019,8,20,10,234, 30.2,818.6, 41.4,36.8, 42.3,5.67e-07,196.0,3.38E-09,278.0,9.41E-07,2.25E-09,2.33E-09,2.18E-09,0.880,3.385E-09,3.42E-09,3.35E-09,-5.41E-12,2.65E-11,-3.73E-11,0.979,5.286,5.336,5.236,0,data/avgP/NO_UT3.csv,2758,145.5,O,Northern,Under Tree,3,0 days 00:27:39
0,200,N,O,UT,3,NO UT 3,1.76,1.59,8/15/19 10:58,2019-08-15 10:58:00,17469,2019-08-15 11:55:21,2019,8,15,12,121, 35.7,811.5, 37.7,28.2, 37.2,5.41e-07,186.0,4.31E-09,278.0,1.20E-06,3.24E-09,3.32E-09,3.16E-09,0.936,4.311E-09,4.36E-09,4.26E-09,-5.13E-12,4.59E-11,-5.62E-11,0.976,6.733,6.813,6.653,0,data/avgP/NO_UT3.csv,2758,145.5,O,Northern,Under Tree,3,0 days 00:57:21
0,201,N,O,OS,1,NO OS 1,4.19,4.37,8/14/19 10:22,2019-08-14 10:22:00,7837,2019-08-14 09:55:48,2019,8,14,10,114, 30.6,820.5, 43.2,32.2, 47.4,7.38e-07,243.0,-1.20E-09,278.0,-3.33E-07,-1.20E-09,-1.07E-09,-1.32E-09,-1.285,-3.138E-09,-3.10E-09,-3.18E-09,9.28E-12,4.76E-11,-2.90E-11,0.789,-1.873,-1.676,-2.069,100000,data/avgP/NO_OS1.csv,2758,145.5,O,Northern,Open Soil,1,0 days 00:26:12
0,202,N,MWC,UT,2,NMWC UT 2,2.25,2.25,8/20/19 15:38,2019-08-20 15:38:00,15577,2019-08-20 15:55:21,2019,8,20,16,460, 32.9,806.9, 28.4, 24.3, 30.0,3.79e-07,103.0,2.02E-09,278.0,5.62E-07,2.02E-09,2.13E-09,1.91E-09,0.894,7.309E-10,8.04E-10,6.58E-10,6.18E-12,7.91E-11,-6.67E-11,0.952,3.157,3.326,2.989,0,data/avgP/NMWC_UT2.csv,2758,145.5,MWC,Northern,Under Tree,2,0 days 00:17:21
0,203,N,MWC,UT,2,NMWC UT 2,0.9,0.85,8/20/19 9:41,2019-08-20 09:41:00,15572,2019-08-20 10:55:21,2019,8,20,11,455, 32.3,811.3, 36.6, 32.6, 37.0,3.39e-07,111.0,5.89E-09,278.0,1.64E-06,4.19E-09,4.29E-09,4.08E-09,0.937,5.890E-09,5.92E-09,5.86E-09,-8.16E-12,2.01E-11,-3.65E-11,0.996,9.198,9.243,9.154,0,data/avgP/NMWC_UT2.csv,2758,145.5,MWC,Northern,Under Tree,2,0 days 01:14:21
0,204,N,MWC,UT,2,NMWC UT 2,2.36,2.21,8/19/19 15:52,2019-08-19 15:52:00,15571,2019-08-19 08:55:21,2019,8,19,9,454, 22.2,828.0, 62.1, 57.9, 62.9,8.88e-07,254.0,2.13E-09,278.0,5.93E-07,2.13E-09,2.29E-09,1.98E-09,0.838,3.380E-12,8.88E-11,-8.21E-11,1.02E-11,9.56E-11,-7.53E-11,0.952,3.33,3.575,3.085,0,data/avgP/NMWC_UT2.csv,2758,145.5,MWC,Northern,Under Tree,2,0 days 06:56:39
0,205,N,MWC,OM,1,NMWC OM 1,2.68,2.12,8/22/19 12:34,2019-08-22 12:34:00,5792,2019-08-22 12:55:21,2019,8,22,13,377, 36.3,819.1, 33.1,24.9, 32.4,1.4599999999999998e-07,19.0,8.25E-09,278.0,2.29E-06,4.50E-09,4.81E-09,4.18E-09,0.686,8.250E-09,8.47E-09,8.03E-09,-1.80E-11,2.00E-10,-2.36E-10,0.853,12.883,13.224,12.543,0,data/avgP/NMWC_OM1.csv,2758,145.5,MWC,Northern,Termite Soil,1,0 days 00:21:21
0,206,N,MWC,OS,2,NMWC OS 2,1.38,1.11,8/22/19 12:24,2019-08-22 12:24:00,357,2019-08-22 11:55:21,2019,8,22,12,367, 36.8,806.2, 35.9,23.2, 35.5,3.7100000000000003e-07,126.0,7.63E-11,278.0,2.12E-08,7.63E-11,1.16E-10,3.64E-11,0.173,-2.691E-10,-2.35E-10,-3.03E-10,1.65E-12,3.54E-11,-3.21E-11,0.410,0.119,0.181,0.057,0,data/avgP/NMWC_OS2.csv,2758,145.5,MWC,Northern,Open Soil,2,0 days 00:28:39
0,207,N,O,OS,2,NO OS 2,2.36,2.35,8/22/19 11:16,2019-08-22 11:16:00,8629,2019-08-22 12:55:21,2019,8,22,13,277, 39.6,819.1, 32.3,32.6, 32.2,5.529999999999999e-07,174.0,4.17E-10,278.0,1.16E-07,4.17E-10,4.63E-10,3.71E-10,0.614,1.526E-10,1.96E-10,1.09E-10,1.27E-12,4.45E-11,-4.20E-11,0.663,0.651,0.723,0.579,0,data/avgP/NO_OS2.csv,2758,145.5,O,Northern,Open Soil,2,0 days 01:39:21
0,208,N,MWC,OM,1,NMWC OM 1,5.84,5.69,8/14/19 9:34,2019-08-14 09:34:00,5601,2019-08-14 09:56:18,2019,8,14,10,186, 25.6,820.5, 59.4,57.0, 59.2,5.83e-07,189.0,1.64E-08,278.0,4.55E-06,1.64E-08,1.65E-08,1.62E-08,0.995,1.549E-08,1.56E-08,1.53E-08,4.24E-12,1.47E-10,-1.38E-10,0.995,25.577,25.815,25.338,0,data/avgP/NMWC_OM1.csv,2758,145.5,MWC,Northern,Termite Soil,1,0 days 00:22:18
0,209,N,MWC,UT,3,NMWC UT 3,1.19,0.73,8/13/19 11:37,2019-08-13 11:37:00,16347,2019-08-13 11:55:21,2019,8,13,12,115, 29.5,812.8, 46.1,34.7, 48.4,2.2e-06,727.0,-2.08E-12,278.0,-5.79E-10,-2.08E-12,5.96E-11,-6.37E-11,-0.002,-5.247E-10,-4.72E-10,-5.77E-10,2.50E-12,5.51E-11,-5.01E-11,0.272,-0.003,0.093,-0.1,0,data/avgP/NMWC_UT3.csv,2758,145.5,MWC,Northern,Under Tree,3,0 days 00:18:21
0,210,N,MWC,OM,1,NMWC OM 1,3.99,3.76,8/17/19 9:32,2019-08-17 09:32:00,5671,2019-08-17 08:55:21,2019,8,17,9,256, 22.8,827.1, 55.4,52.9, 57.7,6.41e-07,204.0,1.95E-08,278.0,5.41E-06,1.95E-08,1.98E-08,1.91E-08,0.984,1.553E-08,1.57E-08,1.53E-08,1.88E-11,2.27E-10,-1.90E-10,0.993,30.39,30.89,29.891,0,data/avgP/NMWC_OM1.csv,2758,145.5,MWC,Northern,Termite Soil,1,0 days 00:36:39
0,211,N,MWC,OM,1,NMWC OM 1,3.48,2.91,8/16/19 14:40,2019-08-16 14:40:00,5653,2019-08-16 14:55:21,2019,8,16,15,238, 32.9,810.6, 30.4,23.6, 32.2,1.75e-07,34.0,2.45E-08,278.0,6.80E-06,1.69E-08,1.74E-08,1.64E-08,0.915,2.445E-08,2.47E-08,2.42E-08,-3.62E-11,2.16E-10,-2.89E-10,0.981,38.187,38.582,37.793,0,data/avgP/NMWC_OM1.csv,2758,145.5,MWC,Northern,Termite Soil,1,0 days 00:15:21
