,index_ciras,PLOT,TRTMNT,FEAT,BOTREP,BOTID,CIRASFLX_L,CIRASFLX_Q,CIRAS_T,timestamp_ciras,index_fluxbot,Unnamed: 0,timestamp_fluxbot,year,month,day,hour,event_number,avg_temp_degC,avg_pressure_hPa,avg_rel_humidity,ambient_humidity,final_humidity,ambient_CO2_kg,ambient_CO2_ppm,beta,duration_sec,change_in_CO2_kg,X1st_order_beta_0,X1st_order_beta_0_max,X1st_order_beta_0_min,X1st_order_r_sq,X2nd_order_beta_0,X2nd_order_beta_0_max,X2nd_order_beta_0_min,X2nd_order_beta_1,X2nd_order_beta_1_max,X2nd_order_beta_1_min,X2nd_order_r_sq,flux_umol_m2_sec,flux_max_umol_m2_sec,flux_min_umol_m2_sec,qaqc_flags,datafile,chamber_volume_cm3,chamber_area_cm2,treatment,block,location,replicate,delta_T
0,0,N,O,OM,2,NO OM 2,2.55,2.47,8/17/19 10:34,2019-08-17 10:34:00+00:00,13642,14122,2019-08-17 10:55:21+00:00,2019,8,17,11,132,30.8,810.4,36.7,31.1,39.4,1.01e-06,279.0,3.72e-09,278,1.03e-06,3.35e-09,3.44e-09,3.27e-09,0.938,3.721e-09,3.81e-09,3.63e-09,-1.75e-12,8.45e-11,-8.8e-11,0.942,5.811,5.945,5.676,0,data/avgP/NO_OM2.csv,2758,145.5,O,Northern,Termite Soil,2,0 days 00:21:21
0,1,N,MWC,OM,1,NMWC OM 1,3.47,3.07,8/15/19 12:05,2019-08-15 12:05:00+00:00,209,210,2019-08-15 11:55:21+00:00,2019,8,15,12,211,33.9,811.5,40.4,31.1,40.1,1.64e-07,53.0,2.15e-08,278,5.99e-06,1.19e-08,1.26e-08,1.12e-08,0.441,2.153e-08,2.19e-08,2.12e-08,-4.62e-11,2.84e-10,-3.76e-10,0.869,33.627,34.143,33.111,0,data/avgP/NMWC_OM1.csv,2758,145.5,MWC,Northern,Termite Soil,1,0 days 00:09:39
0,2,N,MWC,OM,1,NMWC OM 1,4.03,3.62,8/13/19 12:01,2019-08-13 12:01:00+00:00,162,163,2019-08-13 11:56:18+00:00,2019,8,13,12,164,30.1,812.8,51.4,36.6,54.2,1.87e-07,65.0,5.63e-09,278,1.56e-06,5.63e-09,5.72e-09,5.53e-09,0.98,4.98e-09,5.07e-09,4.89e-09,3.09e-12,9.2e-11,-8.58e-11,0.983,8.787,8.939,8.635,0,data/avgP/NMWC_OM1.csv,2758,145.5,MWC,Northern,Termite Soil,1,0 days 00:04:42
0,3,N,O,OM,2,NO OM 2,2.6,2.5,8/20/19 10:36,2019-08-20 10:36:00+00:00,13656,14136,2019-08-20 10:55:21+00:00,2019,8,20,11,148,31.2,811.3,39.1,32.3,41.1,1.48e-06,378.0,6.06e-09,278,1.68e-06,5.83e-09,5.92e-09,5.74e-09,0.985,6.06e-09,6.15e-09,5.97e-09,-1.09e-12,8.52e-11,-8.74e-11,0.986,9.464,9.599,9.329,0,data/avgP/NO_OM2.csv,2758,145.5,O,Northern,Termite Soil,2,0 days 00:19:21
0,4,N,O,UT,1,NO UT 1,1.81,1.36,8/13/19 12:53,2019-08-13 12:53:00+00:00,20374,21283,2019-08-13 12:55:21+00:00,2019,8,13,13,494,35.3,811.5,43.5,27.9,48.4,4.01e-07,140.0,3.04e-09,278,8.45e-07,1.84e-09,1.96e-09,1.72e-09,0.27,3.04e-09,3.13e-09,2.95e-09,-5.75e-12,8.53e-11,-9.68e-11,0.561,4.748,4.89,4.606,0,data/avgP/NO_UT1.csv,2758,145.5,O,Northern,Under Tree,1,0 days 00:02:21
0,5,N,O,OM,1,NO OM 1,2.67,2.71,8/20/19 10:09,2019-08-20 10:09:00+00:00,12655,13107,2019-08-20 09:55:21+00:00,2019,8,20,10,281,24.5,818.6,49.6,45.8,50.7,1.02e-06,267.0,9.07e-10,278,2.52e-07,7.7e-10,8.11e-10,7.28e-10,0.767,9.074e-10,9.48e-10,8.67e-10,-6.6e-13,3.96e-11,-4.09e-11,0.777,1.417,1.48,1.354,0,data/avgP/NO_OM1.csv,2758,145.5,O,Northern,Termite Soil,1,0 days 00:13:39
0,6,N,O,OM,2,NO OM 2,4.29,4.28,8/8/19 14:58,2019-08-08 14:58:00+00:00,13559,14039,2019-08-08 14:55:21+00:00,2019,8,8,15,14,31.3,811.0,32.6,29.0,33.5,1.09e-06,263.0,4.69e-09,278,1.3e-06,4.39e-09,4.47e-09,4.3e-09,0.976,4.691e-09,4.78e-09,4.61e-09,-1.47e-12,8.36e-11,-8.65e-11,0.977,7.326,7.459,7.194,0,data/avgP/NO_OM2.csv,2758,145.5,O,Northern,Termite Soil,2,0 days 00:02:39
0,7,N,MWC,OM,1,NMWC OM 1,3.82,3.36,8/20/19 9:45,2019-08-20 09:45:00+00:00,325,326,2019-08-20 09:55:21+00:00,2019,8,20,10,327,26.9,818.6,47.2,43.4,47.9,2.82e-07,80.0,1.57e-08,278,4.37e-06,9.72e-09,1.01e-08,9.34e-09,0.832,1.574e-08,1.58e-08,1.57e-08,-2.88e-11,4.74e-11,-1.05e-10,0.993,24.574,24.693,24.456,0,data/avgP/NMWC_OM1.csv,2758,145.5,MWC,Northern,Termite Soil,1,0 days 00:10:21
0,8,N,MWC,OM,1,NMWC OM 1,3.04,2.8,8/9/19 14:46,2019-08-09 14:46:00+00:00,134,135,2019-08-09 14:55:21+00:00,2019,8,9,15,136,38.7,797.0,24.2,15.8,25.8,5.94e-07,145.0,2.65e-08,278,7.36e-06,2.65e-08,2.74e-08,2.56e-08,0.943,1.767e-08,1.84e-08,1.69e-08,4.22e-11,7.65e-10,-6.81e-10,0.963,41.366,42.779,39.954,0,data/avgP/NMWC_OM1.csv,2758,145.5,MWC,Northern,Termite Soil,1,0 days 00:09:21
0,9,N,O,OM,2,NO OM 2,3.23,3.09,8/14/19 10:55,2019-08-14 10:55:00+00:00,13595,14075,2019-08-14 10:56:19+00:00,2019,8,14,11,80,29.7,813.5,45.3,36.7,47.7,9.98e-07,254.0,2.98e-09,278,8.29e-07,2.98e-09,3.04e-09,2.93e-09,0.977,2.874e-09,2.93e-09,2.82e-09,5.16e-13,5.5e-11,-5.4e-11,0.977,4.657,4.743,4.571,0,data/avgP/NO_OM2.csv,2758,145.5,O,Northern,Termite Soil,2,0 days 00:01:19
0,10,N,O,UT,3,NO UT 3,1.63,1.36,8/16/19 15:50,2019-08-16 15:50:00+00:00,22127,23481,2019-08-16 15:55:21+00:00,2019,8,16,16,149,30.5,814.9,34.5,30.1,36.0,7.61e-07,155.0,1.23e-09,278,3.43e-07,1.23e-09,1.34e-09,1.13e-09,0.803,-4.862e-11,1.94e-11,-1.17e-10,6.13e-12,7.41e-11,-6.19e-11,0.917,1.925,2.088,1.762,0,data/avgP/NO_UT3.csv,2758,145.5,O,Northern,Under Tree,3,0 days 00:05:21
0,11,N,O,OS,3,NO OS 3,1.28,1.04,8/20/19 10:26,2019-08-20 10:26:00+00:00,19034,19537,2019-08-20 10:55:21+00:00,2019,8,20,11,243,33.4,811.3,34.7,30.4,35.4,3.81e-07,105.0,-1.58e-11,278,-4.39e-09,-1.58e-11,4.24e-11,-7.4e-11,-0.177,-2.885e-10,-2.33e-10,-3.44e-10,1.31e-12,5.71e-11,-5.45e-11,-0.078,-0.025,0.066,-0.116,0,data/avgP/NO_OS3.csv,2758,145.5,O,Northern,Open Soil,3,0 days 00:29:21
0,12,N,MWC,OS,3,NMWC OS 3,1.67,1.38,8/13/19 11:32,2019-08-13 11:32:00+00:00,7956,8051,2019-08-13 11:55:21+00:00,2019,8,13,12,129,34.3,812.8,41.2,29.1,42.3,4.58e-07,116.0,1.67e-09,278,4.65e-07,1.4e-09,1.47e-09,1.33e-09,0.75,1.672e-09,1.74e-09,1.6e-09,-1.29e-12,6.84e-11,-7.1e-11,0.764,2.612,2.721,2.503,0,data/avgP/NMWC_OS3.csv,2758,145.5,MWC,Northern,Open Soil,3,0 days 00:23:21
0,13,N,O,UT,1,NO UT 1,0.61,0.62,8/15/19 10:41,2019-08-15 10:41:00+00:00,20419,21328,2019-08-15 09:55:21+00:00,2019,8,15,10,539,29.6,819.0,40.6,34.6,42.6,5.69e-07,143.0,1.28e-09,278,3.55e-07,1.06e-09,1.1e-09,1.03e-09,0.915,1.277e-09,1.31e-09,1.25e-09,-1.02e-12,3.04e-11,-3.24e-11,0.928,1.994,2.043,1.944,0,data/avgP/NO_UT1.csv,2758,145.5,O,Northern,Under Tree,1,0 days 00:45:39
0,14,N,O,UT,1,NO UT 1,0.62,0.49,8/16/19 10:06,2019-08-16 10:06:00+00:00,20442,21351,2019-08-16 09:55:21+00:00,2019,8,16,10,562,28.8,821.6,38.8,32.9,41.4,6.04e-07,141.0,7.22e-10,278,2.01e-07,6.9e-10,7.19e-10,6.61e-10,0.902,7.216e-10,7.5e-10,6.93e-10,-1.49e-13,2.87e-11,-2.9e-11,0.902,1.127,1.172,1.082,0,data/avgP/NO_UT1.csv,2758,145.5,O,Northern,Under Tree,1,0 days 00:10:39
0,15,N,MWC,OM,2,NMWC OM 2,0.49,0.36,8/20/19 9:32,2019-08-20 09:32:00+00:00,1688,1698,2019-08-20 09:55:21+00:00,2019,8,20,10,212,27.4,818.6,45.7,39.0,47.2,1.69e-06,437.0,7.99e-10,278,2.22e-07,7.99e-10,8.55e-10,7.43e-10,0.774,6.833e-10,7.39e-10,6.28e-10,5.53e-13,5.63e-11,-5.52e-11,0.778,1.247,1.335,1.16,0,data/avgP/NMWC_OM2.csv,2758,145.5,MWC,Northern,Termite Soil,2,0 days 00:23:21
0,16,N,MWC,OS,1,NMWC OS 1,1.22,1.23,8/16/19 14:46,2019-08-16 14:46:00+00:00,4980,5007,2019-08-16 14:55:21+00:00,2019,8,16,15,231,32.6,810.6,32.9,25.0,35.3,7.75e-07,229.0,5.51e-09,278,1.53e-06,3.78e-09,3.95e-09,3.61e-09,0.712,5.511e-09,5.64e-09,5.38e-09,-8.28e-12,1.25e-10,-1.42e-10,0.825,8.606,8.814,8.397,0,data/avgP/NMWC_OS1.csv,2758,145.5,MWC,Northern,Open Soil,1,0 days 00:09:21
0,17,N,O,OM,1,NO OM 1,2.43,2.31,8/15/19 10:35,2019-08-15 10:35:00+00:00,12547,12999,2019-08-15 09:55:21+00:00,2019,8,15,10,173,23.8,819.0,51.7,47.1,53.9,1.1e-06,273.0,2.36e-09,278,6.55e-07,1.59e-09,1.65e-09,1.53e-09,0.832,2.356e-09,2.4e-09,2.31e-09,-3.67e-12,3.74e-11,-4.47e-11,0.928,3.679,3.743,3.615,0,data/avgP/NO_OM1.csv,2758,145.5,O,Northern,Termite Soil,1,0 days 00:39:39
0,18,N,O,OS,1,NO OS 1,7.35,9.13,8/20/19 10:16,2019-08-20 10:16:00+00:00,16831,17328,2019-08-20 09:55:21+00:00,2019,8,20,10,255,37.9,818.6,22.4,15.8,25.6,8.66e-07,242.0,-1.85e-09,278,-5.13e-07,-1.85e-09,-1.68e-09,-2.01e-09,-1.287,-4.078e-09,-3.98e-09,-4.17e-09,1.07e-11,1.04e-10,-8.3e-11,0.279,-2.883,-2.622,-3.143,100000,data/avgP/NO_OS1.csv,2758,145.5,O,Northern,Open Soil,1,0 days 00:20:39
0,19,N,O,UT,1,NO UT 1,1.09,1.0,8/14/19 10:28,2019-08-14 10:28:00+00:00,20396,21305,2019-08-14 10:55:21+00:00,2019,8,14,11,516,35.3,813.5,39.5,32.0,40.9,6.77e-07,142.0,4.87e-10,278,1.35e-07,4.87e-10,5.81e-10,3.93e-10,0.526,-3.145e-10,-2.34e-10,-3.95e-10,3.84e-12,8.43e-11,-7.66e-11,0.656,0.761,0.908,0.613,0,data/avgP/NO_UT1.csv,2758,145.5,O,Northern,Under Tree,1,0 days 00:27:21
0,20,N,O,OM,2,NO OM 2,4.8,5.07,8/19/19 15:11,2019-08-19 15:11:00+00:00,13652,14132,2019-08-19 14:55:21+00:00,2019,8,19,15,144,28.5,814.4,41.4,37.0,43.1,1.34e-06,328.0,3.04e-09,278,8.46e-07,3.04e-09,3.19e-09,2.9e-09,0.91,1.111e-09,1.2e-09,1.03e-09,9.25e-12,9.47e-11,-7.62e-11,0.969,4.751,4.98,4.522,0,data/avgP/NO_OM2.csv,2758,145.5,O,Northern,Termite Soil,2,0 days 00:15:39
0,21,N,O,OS,1,NO OS 1,4.38,4.21,8/15/19 10:48,2019-08-15 10:48:00+00:00,16824,17321,2019-08-15 09:55:48+00:00,2019,8,15,10,138,39.6,819.0,19.7,13.3,23.0,8.94e-07,252.0,-1.88e-09,278,-5.24e-07,-1.88e-09,-1.71e-09,-2.05e-09,0.159,-4.457e-09,-4.4e-09,-4.52e-09,1.23e-11,7.4e-11,-4.93e-11,0.89,-2.942,-2.676,-3.208,100010,data/avgP/NO_OS1.csv,2758,145.5,O,Northern,Open Soil,1,0 days 00:52:12
0,22,N,MWC,OS,3,NMWC OS 3,1.12,0.65,8/17/19 10:03,2019-08-17 10:03:00+00:00,8049,8144,2019-08-17 09:55:21+00:00,2019,8,17,10,222,30.5,817.6,42.7,33.6,44.3,5.74e-07,154.0,5.55e-09,278,1.54e-06,4.34e-09,4.44e-09,4.24e-09,0.951,5.546e-09,5.61e-09,5.48e-09,-5.79e-12,6.04e-11,-7.2e-11,0.979,8.661,8.764,8.557,0,data/avgP/NMWC_OS3.csv,2758,145.5,MWC,Northern,Open Soil,3,0 days 00:07:39
0,23,N,O,UT,3,NO UT 3,2.15,1.42,8/19/19 14:56,2019-08-19 14:56:00+00:00,22196,23550,2019-08-19 14:55:21+00:00,2019,8,19,15,218,30.1,814.4,40.3,37.3,41.4,5.99e-07,144.0,1.45e-09,278,4.02e-07,1.45e-09,1.52e-09,1.37e-09,0.884,6.151e-10,6.67e-10,5.63e-10,3.98e-12,5.63e-11,-4.83e-11,0.941,2.26,2.374,2.145,0,data/avgP/NO_UT3.csv,2758,145.5,O,Northern,Under Tree,3,0 days 00:00:39
0,24,N,O,OS,1,NO OS 1,4.39,4.68,8/16/19 10:09,2019-08-16 10:09:00+00:00,16825,17322,2019-08-16 09:55:21+00:00,2019,8,16,10,161,31.8,821.6,27.6,22.1,30.7,6.57e-07,155.0,-1.23e-09,278,-3.42e-07,-1.23e-09,-1.12e-09,-1.34e-09,-0.412,-2.888e-09,-2.84e-09,-2.94e-09,7.94e-12,5.53e-11,-3.94e-11,0.752,-1.921,-1.745,-2.097,100000,data/avgP/NO_OS1.csv,2758,145.5,O,Northern,Open Soil,1,0 days 00:13:39
0,25,N,MWC,OM,3,NMWC OM 3,2.55,2.07,8/13/19 11:26,2019-08-13 11:26:00+00:00,3222,3244,2019-08-13 11:55:21+00:00,2019,8,13,12,181,29.6,812.8,49.6,34.4,50.6,5.57e-07,136.0,1.2e-09,278,3.33e-07,6.59e-10,7.12e-10,6.07e-10,0.586,1.199e-09,1.24e-09,1.16e-09,-2.58e-12,3.78e-11,-4.29e-11,0.754,1.872,1.935,1.809,0,data/avgP/NMWC_OM3.csv,2758,145.5,MWC,Northern,Termite Soil,3,0 days 00:29:21
0,26,N,MWC,OS,1,NMWC OS 1,0.93,1.01,8/21/19 9:27,2019-08-21 09:27:00+00:00,5093,5120,2019-08-21 09:55:21+00:00,2019,8,21,10,344,27.7,820.5,44.6,39.3,45.0,8.68e-07,238.0,6.34e-09,278,1.76e-06,4.69e-09,4.83e-09,4.54e-09,0.915,6.341e-09,6.45e-09,6.24e-09,-7.93e-12,9.7e-11,-1.13e-10,0.956,9.903,10.067,9.74,0,data/avgP/NMWC_OS1.csv,2758,145.5,MWC,Northern,Open Soil,1,0 days 00:28:21
0,27,N,O,UT,3,NO UT 3,2.01,1.94,8/20/19 14:50,2019-08-20 14:50:00+00:00,22216,23570,2019-08-20 14:55:21+00:00,2019,8,20,15,239,37.5,803.5,27.8,22.3,28.0,4.61e-07,126.0,2.12e-09,278,5.88e-07,2.07e-09,2.11e-09,2.04e-09,0.976,2.115e-09,2.15e-09,2.08e-09,-1.95e-13,3.94e-11,-3.98e-11,0.977,3.304,3.365,3.242,0,data/avgP/NO_UT3.csv,2758,145.5,O,Northern,Under Tree,3,0 days 00:05:21
0,28,N,O,OS,3,NO OS 3,1.08,1.01,8/15/19 11:03,2019-08-15 11:03:00+00:00,18957,19460,2019-08-15 11:55:21+00:00,2019,8,15,12,155,35.5,811.5,32.8,26.8,33.8,5.91e-07,123.0,-7.76e-10,278,-2.16e-07,-7.76e-10,-6.64e-10,-8.87e-10,-3.805,-1.924e-09,-1.84e-09,-2.01e-09,5.5e-12,9.19e-11,-8.09e-11,-1.865,-1.211,-1.037,-1.386,0,data/avgP/NO_OS3.csv,2758,145.5,O,Northern,Open Soil,3,0 days 00:52:21
0,29,N,O,OM,2,NO OM 2,2.54,2.5,8/16/19 10:25,2019-08-16 10:25:00+00:00,13631,14111,2019-08-16 09:55:21+00:00,2019,8,16,10,121,25.0,821.6,43.4,38.1,46.4,1.22e-06,297.0,3.02e-09,278,8.4e-07,2.85e-09,2.89e-09,2.81e-09,0.989,3.02e-09,3.05e-09,2.99e-09,-8.19e-13,3.34e-11,-3.5e-11,0.99,4.717,4.77,4.664,0,data/avgP/NO_OM2.csv,2758,145.5,O,Northern,Termite Soil,2,0 days 00:29:39
0,30,N,MWC,OS,2,NMWC OS 2,0.89,0.51,8/20/19 9:36,2019-08-20 09:36:00+00:00,6878,6905,2019-08-20 09:55:21+00:00,2019,8,20,10,323,29.4,818.6,43.4,39.2,44.6,5.41e-07,151.0,2.38e-09,278,6.6e-07,1.43e-09,1.52e-09,1.35e-09,0.467,2.376e-09,2.43e-09,2.32e-09,-4.51e-12,5.39e-11,-6.29e-11,0.733,3.71,3.802,3.619,0,data/avgP/NMWC_OS2.csv,2758,145.5,MWC,Northern,Open Soil,2,0 days 00:19:21
0,31,N,O,OS,2,NO OS 2,2.28,2.17,8/17/19 10:25,2019-08-17 10:25:00+00:00,17541,18039,2019-08-17 09:55:21+00:00,2019,8,17,10,182,30.3,817.6,40.9,35.8,43.2,0.0,0.0,1.53e-10,278,4.26e-08,1.53e-10,1.67e-10,1.39e-10,0.705,2.771e-11,3.95e-11,1.59e-11,6.01e-13,1.24e-11,-1.12e-11,0.794,0.239,0.261,0.217,0,data/avgP/NO_OS2.csv,2758,145.5,O,Northern,Open Soil,2,0 days 00:29:39
0,32,N,MWC,OS,2,NMWC OS 2,1.05,1.03,8/17/19 9:46,2019-08-17 09:46:00+00:00,6809,6836,2019-08-17 09:55:21+00:00,2019,8,17,10,254,29.3,817.6,43.9,40.0,44.6,6.16e-07,167.0,1.48e-09,278,4.1e-07,1.3e-09,1.35e-09,1.26e-09,0.918,1.476e-09,1.52e-09,1.43e-09,-8.29e-13,4.44e-11,-4.6e-11,0.922,2.306,2.376,2.235,0,data/avgP/NMWC_OS2.csv,2758,145.5,MWC,Northern,Open Soil,2,0 days 00:09:21
0,33,N,O,OM,3,NO OM 3,4.95,4.82,8/20/19 10:31,2019-08-20 10:31:00+00:00,14874,15364,2019-08-20 10:55:21+00:00,2019,8,20,11,230,31.0,811.3,39.3,31.8,39.2,4.56e-07,102.0,8.47e-10,278,2.36e-07,8.47e-10,9.28e-10,7.66e-10,0.749,3.304e-10,4.05e-10,2.56e-10,2.47e-12,7.71e-11,-7.21e-11,0.788,1.323,1.45,1.197,0,data/avgP/NO_OM3.csv,2758,145.5,O,Northern,Termite Soil,3,0 days 00:24:21
0,34,N,O,OM,3,NO OM 3,4.48,5.48,8/20/19 14:59,2019-08-20 14:59:00+00:00,14878,15368,2019-08-20 14:55:21+00:00,2019,8,20,15,234,32.7,803.5,28.5,25.2,29.2,1.99e-07,30.0,3.61e-10,278,1e-07,3.61e-10,4.2e-10,3.02e-10,0.528,7.173e-11,1.28e-10,1.51e-11,1.39e-12,5.81e-11,-5.53e-11,0.571,0.564,0.657,0.471,0,data/avgP/NO_OM3.csv,2758,145.5,O,Northern,Termite Soil,3,0 days 00:03:39
0,35,N,MWC,UT,1,NMWC UT 1,2.18,2.96,8/17/19 9:27,2019-08-17 09:27:00+00:00,9538,9658,2019-08-17 10:55:21+00:00,2019,8,17,11,239,30.8,810.4,38.2,29.4,40.7,3.06e-07,94.0,1.12e-09,278,3.1e-07,9.12e-10,9.52e-10,8.72e-10,0.834,1.115e-09,1.15e-09,1.08e-09,-9.73e-13,3.74e-11,-3.93e-11,0.85,1.742,1.802,1.682,0,data/avgP/NMWC_UT1.csv,2758,145.5,MWC,Northern,Under Tree,1,0 days 01:28:21
0,36,N,O,UT,2,NO UT 2,1.19,1.04,8/17/19 10:30,2019-08-17 10:30:00+00:00,21998,23284,2019-08-17 10:55:21+00:00,2019,8,17,11,267,33.3,810.4,34.8,27.8,36.1,1.76e-07,55.0,6.25e-10,278,1.74e-07,2.43e-10,2.96e-10,1.89e-10,-0.919,6.253e-10,6.74e-10,5.77e-10,-1.83e-12,4.64e-11,-5.01e-11,-0.546,0.976,1.052,0.901,100000,data/avgP/NO_UT2.csv,2758,145.5,O,Northern,Under Tree,2,0 days 00:25:21
0,37,N,O,OM,1,NO OM 1,2.24,2.22,8/14/19 10:35,2019-08-14 10:35:00+00:00,12525,12977,2019-08-14 11:55:21+00:00,2019,8,14,12,151,28.8,812.1,49.6,41.0,50.1,1.15e-06,268.0,8e-10,278,2.22e-07,8e-10,9.03e-10,6.96e-10,0.668,2.4e-10,3.37e-10,1.43e-10,2.68e-12,1e-10,-9.46e-11,0.705,1.249,1.41,1.088,0,data/avgP/NO_OM1.csv,2758,145.5,O,Northern,Termite Soil,1,0 days 01:20:21
0,38,N,MWC,UT,3,NMWC UT 3,0.58,0.28,8/16/19 9:25,2019-08-16 09:25:00+00:00,11433,11870,2019-08-16 09:55:21+00:00,2019,8,16,10,163,25.0,821.6,42.6,39.5,44.5,3.25e-06,815.0,8.97e-10,278,2.49e-07,8.01e-10,8.55e-10,7.47e-10,0.738,8.973e-10,9.51e-10,8.43e-10,-4.62e-13,5.34e-11,-5.44e-11,0.741,1.401,1.486,1.317,0,data/avgP/NMWC_UT3.csv,2758,145.5,MWC,Northern,Under Tree,3,0 days 00:30:21
0,39,N,MWC,OM,2,NMWC OM 2,0.47,0.3,8/17/19 9:51,2019-08-17 09:51:00+00:00,1658,1668,2019-08-17 09:55:21+00:00,2019,8,17,10,177,26.7,817.6,44.1,38.8,45.4,5.13e-07,138.0,2.73e-09,278,7.59e-07,1.1e-09,1.22e-09,9.79e-10,-2.815,2.731e-09,2.8e-09,2.66e-09,-7.81e-12,5.85e-11,-7.42e-11,-0.151,4.265,4.368,4.161,0,data/avgP/NMWC_OM2.csv,2758,145.5,MWC,Northern,Termite Soil,2,0 days 00:04:21
0,40,N,O,OS,3,NO OS 3,2.09,1.87,8/14/19 10:46,2019-08-14 10:46:00+00:00,20242,20745,2019-08-14 10:55:21+00:00,2019,8,14,11,131,32.6,813.5,40.6,31.0,40.4,5.51e-07,156.0,8.46e-10,278,2.35e-07,3.23e-10,3.89e-10,2.57e-10,-0.595,8.464e-10,9.04e-10,7.89e-10,-2.5e-12,5.54e-11,-6.04e-11,-0.215,1.322,1.412,1.231,100000,data/avgP/NO_OS3.csv,2758,145.5,O,Northern,Open Soil,3,0 days 00:09:21
0,41,N,O,OS,1,NO OS 1,7.76,7.57,8/21/19 10:29,2019-08-21 10:29:00+00:00,16161,16658,2019-08-21 10:55:21+00:00,2019,8,21,11,280,38.3,817.5,23.8,16.5,26.1,5.29e-07,130.0,-3.01e-11,278,-8.38e-09,-3.01e-11,7.77e-11,-1.38e-10,-0.224,-1.47e-09,-1.41e-09,-1.53e-09,6.89e-12,6.81e-11,-5.43e-11,0.607,-0.047,0.121,-0.216,0,data/avgP/NO_OS1.csv,2758,145.5,O,Northern,Open Soil,1,0 days 00:26:21
0,42,N,MWC,OM,3,NMWC OM 3,0.9,0.62,8/15/19 11:36,2019-08-15 11:36:00+00:00,3269,3291,2019-08-15 11:55:21+00:00,2019,8,15,12,228,30.2,811.5,46.8,36.4,45.6,5e-07,131.0,2.4e-09,278,6.68e-07,1.57e-09,1.64e-09,1.49e-09,0.782,2.403e-09,2.46e-09,2.35e-09,-4e-12,5.21e-11,-6.01e-11,0.882,3.753,3.84,3.665,0,data/avgP/NMWC_OM3.csv,2758,145.5,MWC,Northern,Termite Soil,3,0 days 00:19:21
0,43,N,MWC,UT,2,NMWC UT 2,2.37,2.01,8/15/19 11:59,2019-08-15 11:59:00+00:00,10620,10979,2019-08-15 11:55:21+00:00,2019,8,15,12,383,31.7,811.5,39.3,35.1,39.5,6.29e-07,143.0,2.14e-09,278,5.95e-07,2.14e-09,2.21e-09,2.07e-09,0.934,1.939e-09,2.01e-09,1.87e-09,9.65e-13,7.29e-11,-7.1e-11,0.936,3.343,3.457,3.229,0,data/avgP/NMWC_UT2.csv,2758,145.5,MWC,Northern,Under Tree,2,0 days 00:03:39
0,44,N,O,UT,3,NO UT 3,1.63,1.36,8/14/19 10:42,2019-08-14 10:42:00+00:00,22075,23429,2019-08-14 10:55:21+00:00,2019,8,14,11,97,33.2,813.5,45.9,34.5,46.4,8.39e-07,224.0,4.5e-09,278,1.25e-06,3.28e-09,3.37e-09,3.18e-09,0.929,4.5e-09,4.56e-09,4.44e-09,-5.85e-12,4.98e-11,-6.15e-11,0.975,7.028,7.115,6.941,0,data/avgP/NO_UT3.csv,2758,145.5,O,Northern,Under Tree,3,0 days 00:13:21
0,45,N,MWC,UT,1,NMWC UT 1,1.39,1.13,8/19/19 16:08,2019-08-19 16:08:00+00:00,9563,9683,2019-08-19 15:55:21+00:00,2019,8,19,16,268,32.6,805.5,35.2,28.7,37.5,3.86e-07,94.0,8.7e-11,278,2.42e-08,8.7e-11,1.8e-10,-6e-12,-0.008,-8.056e-10,-7.31e-10,-8.81e-10,4.27e-12,7.93e-11,-7.08e-11,0.346,0.136,0.281,-0.009,0,data/avgP/NMWC_UT1.csv,2758,145.5,MWC,Northern,Under Tree,1,0 days 00:12:39
0,46,N,O,OS,2,NO OS 2,1.68,1.57,8/21/19 11:01,2019-08-21 11:01:00+00:00,17612,18110,2019-08-21 09:55:21+00:00,2019,8,21,10,276,28.4,820.5,43.7,36.9,45.5,0.0,0.0,1.14e-10,278,3.16e-08,1.14e-10,1.28e-10,9.96e-11,0.599,-2.468e-11,-1.34e-11,-3.6e-11,6.63e-13,1.2e-11,-1.06e-11,0.745,0.178,0.2,0.155,0,data/avgP/NO_OS2.csv,2758,145.5,O,Northern,Open Soil,2,0 days 01:05:39
0,47,N,O,UT,2,NO UT 2,2.88,2.39,8/14/19 10:59,2019-08-14 10:59:00+00:00,20979,22239,2019-08-14 10:56:19+00:00,2019,8,14,11,208,32.4,813.5,44.3,33.6,45.7,4.3e-07,109.0,4.73e-10,278,1.32e-07,4.73e-10,5.67e-10,3.79e-10,0.519,-3.746e-10,-2.96e-10,-4.53e-10,4.06e-12,8.24e-11,-7.43e-11,0.668,0.739,0.886,0.592,0,data/avgP/NO_UT2.csv,2758,145.5,O,Northern,Under Tree,2,0 days 00:02:41
0,48,N,MWC,OM,3,NMWC OM 3,1.43,0.65,8/16/19 9:15,2019-08-16 09:15:00+00:00,3290,3312,2019-08-16 08:55:21+00:00,2019,8,16,9,249,18.0,831.9,61.7,58.7,62.9,7.42e-07,182.0,2.56e-09,278,7.11e-07,1.58e-09,1.65e-09,1.52e-09,0.802,2.556e-09,2.59e-09,2.52e-09,-4.65e-12,2.69e-11,-3.62e-11,0.957,3.991,4.041,3.942,0,data/avgP/NMWC_OM3.csv,2758,145.5,MWC,Northern,Termite Soil,3,0 days 00:19:39
0,49,N,MWC,OM,3,NMWC OM 3,2.14,-0.46,8/14/19 9:55,2019-08-14 09:55:00+00:00,3244,3266,2019-08-14 09:55:21+00:00,2019,8,14,10,203,23.8,820.5,60.6,56.1,61.0,7.92e-07,206.0,3.42e-09,278,9.5e-07,2.36e-09,2.43e-09,2.28e-09,0.907,3.419e-09,3.45e-09,3.38e-09,-5.09e-12,2.89e-11,-3.91e-11,0.98,5.339,5.392,5.286,0,data/avgP/NMWC_OM3.csv,2758,145.5,MWC,Northern,Termite Soil,3,0 days 00:00:21
0,50,N,O,OM,1,NO OM 1,3.87,3.88,8/20/19 14:33,2019-08-20 14:33:00+00:00,12660,13112,2019-08-20 14:55:21+00:00,2019,8,20,15,286,31.9,803.5,34.5,30.6,35.6,8.38e-07,237.0,1.29e-09,278,3.59e-07,9.13e-10,9.76e-10,8.51e-10,0.58,1.293e-09,1.35e-09,1.23e-09,-1.82e-12,5.64e-11,-6e-11,0.639,2.019,2.11,1.928,0,data/avgP/NO_OM1.csv,2758,145.5,O,Northern,Termite Soil,1,0 days 00:22:21
0,51,N,O,UT,2,NO UT 2,0.85,0.66,8/21/19 10:57,2019-08-21 10:57:00+00:00,21080,22340,2019-08-21 09:55:21+00:00,2019,8,21,10,322,28.5,820.5,40.5,36.8,41.5,2.6e-07,58.0,5.42e-10,278,1.51e-07,5.42e-10,5.7e-10,5.14e-10,0.859,4.677e-10,4.96e-10,4.4e-10,3.56e-13,2.81e-11,-2.74e-11,0.863,0.847,0.891,0.803,0,data/avgP/NO_UT2.csv,2758,145.5,O,Northern,Under Tree,2,0 days 01:01:39
0,52,N,MWC,OS,2,NMWC OS 2,1.67,1.34,8/15/19 11:56,2019-08-15 11:56:00+00:00,6763,6790,2019-08-15 11:55:21+00:00,2019,8,15,12,208,33.5,811.5,43.3,36.2,42.9,4.62e-07,122.0,2.89e-09,278,8.04e-07,1.45e-09,1.56e-09,1.35e-09,0.234,2.891e-09,2.94e-09,2.84e-09,-6.87e-12,4.15e-11,-5.53e-11,0.825,4.515,4.59,4.439,0,data/avgP/NMWC_OS2.csv,2758,145.5,MWC,Northern,Open Soil,2,0 days 00:00:39
0,53,N,MWC,UT,1,NMWC UT 1,2.26,2.53,8/14/19 9:26,2019-08-14 09:26:00+00:00,9487,9607,2019-08-14 08:56:18+00:00,2019,8,14,9,185,23.9,827.3,61.1,55.3,63.8,7.07e-07,202.0,3.35e-09,278,9.32e-07,1.86e-09,1.99e-09,1.72e-09,-0.113,3.354e-09,3.45e-09,3.26e-09,-7.17e-12,8.78e-11,-1.02e-10,0.429,5.237,5.386,5.089,0,data/avgP/NMWC_UT1.csv,2758,145.5,MWC,Northern,Under Tree,1,0 days 00:29:42
0,54,N,O,UT,2,NO UT 2,1.19,1.12,8/16/19 10:28,2019-08-16 10:28:00+00:00,21018,22278,2019-08-16 10:55:21+00:00,2019,8,16,11,249,31.3,816.0,35.6,29.3,37.1,5.37e-07,80.0,-5.94e-10,278,-1.65e-07,-5.94e-10,-4.33e-10,-7.55e-10,-3.083,-2.292e-09,-2.17e-09,-2.41e-09,8.13e-12,1.31e-10,-1.14e-10,-1.352,-0.928,-0.676,-1.179,0,data/avgP/NO_UT2.csv,2758,145.5,O,Northern,Under Tree,2,0 days 00:27:21
0,55,N,MWC,UT,3,NMWC UT 3,0.99,0.93,8/14/19 10:05,2019-08-14 10:05:00+00:00,11403,11840,2019-08-14 09:55:21+00:00,2019,8,14,10,129,24.9,820.5,60.7,55.4,61.7,3.2e-06,824.0,2.38e-09,278,6.62e-07,1.2e-09,1.3e-09,1.09e-09,-1.141,2.38e-09,2.45e-09,2.31e-09,-5.67e-12,6.81e-11,-7.95e-11,-0.077,3.717,3.833,3.602,0,data/avgP/NMWC_UT3.csv,2758,145.5,MWC,Northern,Under Tree,3,0 days 00:09:39
0,56,N,O,UT,1,NO UT 1,0.92,0.59,8/20/19 10:13,2019-08-20 10:13:00+00:00,20496,21405,2019-08-20 09:55:21+00:00,2019,8,20,10,620,29.7,818.6,41.1,37.5,43.3,5.6e-07,142.0,1.06e-09,278,2.94e-07,6.55e-10,6.99e-10,6.11e-10,0.599,1.056e-09,1.09e-09,1.02e-09,-1.92e-12,3.43e-11,-3.81e-11,0.727,1.649,1.705,1.592,0,data/avgP/NO_UT1.csv,2758,145.5,O,Northern,Under Tree,1,0 days 00:17:39
0,57,N,MWC,OM,3,NMWC OM 3,1.1,2.05,8/20/19 9:15,2019-08-20 09:15:00+00:00,3378,3400,2019-08-20 09:55:21+00:00,2019,8,20,10,339,25.6,818.6,51.0,45.6,51.7,6.8e-07,172.0,1.86e-09,278,5.18e-07,7.45e-10,8.23e-10,6.68e-10,-0.147,1.863e-09,1.9e-09,1.83e-09,-5.35e-12,2.96e-11,-4.03e-11,0.767,2.91,2.964,2.855,0,data/avgP/NMWC_OM3.csv,2758,145.5,MWC,Northern,Termite Soil,3,0 days 00:40:21
0,58,N,O,OS,3,NO OS 3,1.01,0.97,8/16/19 15:55,2019-08-16 15:55:00+00:00,18980,19483,2019-08-16 15:55:21+00:00,2019,8,16,16,183,29.3,814.9,34.2,29.2,35.2,5.88e-07,137.0,-4.06e-10,278,-1.13e-07,-4.06e-10,-3.1e-10,-5.01e-10,-2.301,-1.418e-09,-1.35e-09,-1.49e-09,4.84e-12,7.71e-11,-6.74e-11,-0.885,-0.634,-0.485,-0.783,0,data/avgP/NO_OS3.csv,2758,145.5,O,Northern,Open Soil,3,0 days 00:00:21
0,59,N,MWC,OS,1,NMWC OS 1,1.23,1.04,8/22/19 12:37,2019-08-22 12:37:00+00:00,5119,5146,2019-08-22 12:55:21+00:00,2019,8,22,13,370,36.0,819.1,32.7,28.7,33.3,9.83e-07,236.0,-2.06e-10,278,-5.73e-08,-2.06e-10,-1.09e-10,-3.04e-10,-1.283,-1.383e-09,-1.32e-09,-1.45e-09,5.63e-12,7.05e-11,-5.92e-11,-0.01,-0.322,-0.17,-0.474,0,data/avgP/NMWC_OS1.csv,2758,145.5,MWC,Northern,Open Soil,1,0 days 00:18:21
0,60,N,MWC,UT,1,NMWC UT 1,1.18,1.09,8/20/19 9:56,2019-08-20 09:56:00+00:00,9571,9691,2019-08-20 09:55:21+00:00,2019,8,20,10,276,28.4,818.6,42.0,37.8,43.5,3.58e-07,111.0,4.02e-09,278,1.12e-06,2.39e-09,2.53e-09,2.26e-09,0.469,4.024e-09,4.12e-09,3.93e-09,-7.8e-12,8.39e-11,-9.95e-11,0.76,6.284,6.428,6.141,0,data/avgP/NMWC_UT1.csv,2758,145.5,MWC,Northern,Under Tree,1,0 days 00:00:39
0,61,N,O,OM,2,NO OM 2,2.56,2.51,8/15/19 11:14,2019-08-15 11:14:00+00:00,13614,14094,2019-08-15 11:55:21+00:00,2019,8,15,12,104,31.0,811.5,41.6,31.5,42.7,8.92e-07,228.0,1.99e-09,278,5.55e-07,1.99e-09,2.07e-09,1.92e-09,0.926,1.157e-09,1.22e-09,1.1e-09,4.01e-12,6.46e-11,-5.65e-11,0.957,3.115,3.239,2.991,0,data/avgP/NO_OM2.csv,2758,145.5,O,Northern,Termite Soil,2,0 days 00:41:21
0,62,N,O,OS,3,NO OS 3,0.88,0.77,8/17/19 10:44,2019-08-17 10:44:00+00:00,20255,20758,2019-08-17 10:55:21+00:00,2019,8,17,11,202,34.1,810.4,32.1,25.6,32.8,5.57e-07,118.0,-9.28e-11,278,-2.58e-08,-9.28e-11,-2.37e-11,-1.62e-10,-0.391,-5.329e-10,-4.69e-10,-5.97e-10,2.11e-12,6.58e-11,-6.16e-11,-0.176,-0.145,-0.037,-0.253,100000,data/avgP/NO_OS3.csv,2758,145.5,O,Northern,Open Soil,3,0 days 00:11:21
0,63,N,MWC,OM,2,NMWC OM 2,0.85,0.7,8/14/19 9:47,2019-08-14 09:47:00+00:00,1617,1627,2019-08-14 09:55:21+00:00,2019,8,14,10,131,26.1,820.5,53.6,44.6,55.4,8.05e-07,203.0,5.69e-10,278,1.58e-07,4e-10,4.53e-10,3.48e-10,0.3,5.692e-10,6.21e-10,5.17e-10,-8.08e-13,5.1e-11,-5.26e-11,0.327,0.889,0.97,0.808,0,data/avgP/NMWC_OM2.csv,2758,145.5,MWC,Northern,Termite Soil,2,0 days 00:08:21
0,64,N,O,OS,2,NO OS 2,2.74,2.84,8/19/19 15:20,2019-08-19 15:20:00+00:00,18764,19262,2019-08-19 14:55:21+00:00,2019,8,19,15,233,30.0,814.4,40.2,35.2,41.6,0.0,0.0,5.44e-11,278,1.51e-08,5.44e-11,6.15e-11,4.73e-11,0.604,-1.325e-11,-7.51e-12,-1.9e-11,3.24e-13,6.06e-12,-5.41e-12,0.741,0.085,0.096,0.074,10000,data/avgP/NO_OS2.csv,2758,145.5,O,Northern,Open Soil,2,0 days 00:24:39
0,65,N,O,UT,2,NO UT 2,1.87,1.94,8/19/19 15:15,2019-08-19 15:15:00+00:00,21058,22318,2019-08-19 14:55:21+00:00,2019,8,19,15,296,29.3,814.4,40.9,37.3,42.3,1.37e-07,48.0,8.85e-10,278,2.46e-07,8.21e-10,8.72e-10,7.69e-10,0.664,8.849e-10,9.36e-10,8.34e-10,-3.08e-13,5.08e-11,-5.14e-11,0.666,1.382,1.462,1.302,0,data/avgP/NO_UT2.csv,2758,145.5,O,Northern,Under Tree,2,0 days 00:19:39
0,66,N,O,OM,1,NO OM 1,3.18,3.32,8/8/19 14:34,2019-08-08 14:34:00+00:00,12406,12858,2019-08-08 14:56:17+00:00,2019,8,8,15,31,27.4,811.0,43.2,37.9,44.4,1.06e-06,287.0,1.81e-09,278,5.02e-07,1e-09,1.08e-09,9.17e-10,-0.101,1.806e-09,1.87e-09,1.74e-09,-3.86e-12,6.27e-11,-7.04e-11,0.296,2.821,2.925,2.717,0,data/avgP/NO_OM1.csv,2758,145.5,O,Northern,Termite Soil,1,0 days 00:22:17
0,67,N,O,UT,2,NO UT 2,1.24,1.12,8/22/19 11:21,2019-08-22 11:21:00+00:00,21095,22355,2019-08-22 10:55:21+00:00,2019,8,22,11,337,34.8,810.9,33.8,28.7,34.5,5.87e-08,27.0,1.02e-09,278,2.83e-07,9.63e-10,9.96e-10,9.31e-10,0.922,1.019e-09,1.05e-09,9.86e-10,-2.65e-13,3.24e-11,-3.29e-11,0.923,1.591,1.642,1.54,0,data/avgP/NO_UT2.csv,2758,145.5,O,Northern,Under Tree,2,0 days 00:25:39
0,68,N,O,OM,2,NO OM 2,3.74,3.75,8/20/19 15:03,2019-08-20 15:03:00+00:00,13660,14140,2019-08-20 14:55:21+00:00,2019,8,20,15,152,35.6,803.5,29.8,26.9,30.6,1e-06,275.0,3.76e-09,278,1.04e-06,3.76e-09,3.82e-09,3.69e-09,0.981,3.152e-09,3.21e-09,3.1e-09,2.89e-12,5.66e-11,-5.09e-11,0.987,5.866,5.968,5.764,0,data/avgP/NO_OM2.csv,2758,145.5,O,Northern,Termite Soil,2,0 days 00:07:39
0,69,N,MWC,UT,2,NMWC UT 2,1.74,1.55,8/16/19 14:57,2019-08-16 14:57:00+00:00,10647,11006,2019-08-16 14:55:21+00:00,2019,8,16,15,410,32.3,810.6,28.4,23.6,31.1,6.1e-07,143.0,3.05e-09,278,8.48e-07,3.05e-09,3.13e-09,2.97e-09,0.965,2.206e-09,2.26e-09,2.15e-09,4.04e-12,6.21e-11,-5.4e-11,0.981,4.763,4.885,4.641,0,data/avgP/NMWC_UT2.csv,2758,145.5,MWC,Northern,Under Tree,2,0 days 00:01:39
0,70,N,O,OS,1,NO OS 1,2.89,3.15,8/8/19 14:42,2019-08-08 14:42:00+00:00,15940,16437,2019-08-08 14:56:18+00:00,2019,8,8,15,42,30.0,811.0,34.2,29.9,35.2,6.97e-07,183.0,1.46e-09,278,4.07e-07,9.27e-10,9.91e-10,8.63e-10,0.383,1.463e-09,1.52e-09,1.41e-09,-2.57e-12,5.18e-11,-5.69e-11,0.55,2.285,2.37,2.2,0,data/avgP/NO_OS1.csv,2758,145.5,O,Northern,Open Soil,1,0 days 00:14:18
0,71,N,MWC,UT,3,NMWC UT 3,0.81,0.85,8/20/19 9:27,2019-08-20 09:27:00+00:00,11480,11917,2019-08-20 09:55:21+00:00,2019,8,20,10,211,26.5,818.6,44.3,41.8,45.2,3.34e-06,815.0,8.4e-10,278,2.34e-07,8.4e-10,9.4e-10,7.41e-10,0.692,-4.755e-11,3.57e-11,-1.31e-10,4.25e-12,8.75e-11,-7.9e-11,0.785,1.312,1.467,1.157,0,data/avgP/NMWC_UT3.csv,2758,145.5,MWC,Northern,Under Tree,3,0 days 00:28:21
0,72,N,MWC,OS,2,NMWC OS 2,1.83,1.8,8/13/19 11:51,2019-08-13 11:51:00+00:00,6734,6761,2019-08-13 11:55:21+00:00,2019,8,13,12,178,32.9,812.8,46.0,33.9,48.2,5.81e-07,140.0,5.86e-10,278,1.63e-07,5.86e-10,6.42e-10,5.3e-10,0.674,1.601e-10,2.1e-10,1.1e-10,2.04e-12,5.18e-11,-4.77e-11,0.746,0.915,1.003,0.827,0,data/avgP/NMWC_OS2.csv,2758,145.5,MWC,Northern,Open Soil,2,0 days 00:04:21
0,73,N,O,OS,3,NO OS 3,0.65,0.5,8/16/19 10:18,2019-08-16 10:18:00+00:00,20249,20752,2019-08-16 09:55:21+00:00,2019,8,16,10,177,27.2,821.6,37.9,34.2,39.2,4.34e-07,138.0,1.61e-09,278,4.47e-07,7.11e-10,8.08e-10,6.13e-10,-1.885,1.608e-09,1.69e-09,1.53e-09,-4.3e-12,7.6e-11,-8.46e-11,-0.951,2.511,2.637,2.386,100000,data/avgP/NO_OS3.csv,2758,145.5,O,Northern,Open Soil,3,0 days 00:22:39
0,74,N,MWC,UT,3,NMWC UT 3,0.71,0.58,8/17/19 10:09,2019-08-17 10:09:00+00:00,11446,11883,2019-08-17 09:55:21+00:00,2019,8,17,10,176,26.4,817.6,44.2,40.5,45.0,3.15e-06,819.0,2.13e-09,278,5.93e-07,1.53e-09,1.6e-09,1.46e-09,0.786,2.132e-09,2.19e-09,2.07e-09,-2.9e-12,5.64e-11,-6.22e-11,0.847,3.33,3.423,3.237,0,data/avgP/NMWC_UT3.csv,2758,145.5,MWC,Northern,Under Tree,3,0 days 00:13:39
0,75,N,O,OS,3,NO OS 3,2.05,2.08,8/13/19 13:18,2019-08-13 13:18:00+00:00,20241,20744,2019-08-13 12:56:17+00:00,2019,8,13,13,110,34.8,811.5,37.0,25.9,40.0,6.88e-07,134.0,-8.17e-10,278,-2.27e-07,-8.17e-10,-6.69e-10,-9.64e-10,-5.574,-2.59e-09,-2.49e-09,-2.69e-09,8.49e-12,1.07e-10,-9.01e-11,-1.935,-1.275,-1.045,-1.505,100000,data/avgP/NO_OS3.csv,2758,145.5,O,Northern,Open Soil,3,0 days 00:21:43
0,76,N,MWC,OS,2,NMWC OS 2,1.43,1.27,8/14/19 9:43,2019-08-14 09:43:00+00:00,6740,6767,2019-08-14 10:55:21+00:00,2019,8,14,11,184,31.5,813.5,47.7,40.7,48.5,5.25e-07,157.0,2.78e-09,278,7.74e-07,1.61e-09,1.73e-09,1.5e-09,0.101,2.785e-09,2.87e-09,2.7e-09,-5.61e-12,8.14e-11,-9.26e-11,0.469,4.349,4.484,4.213,0,data/avgP/NMWC_OS2.csv,2758,145.5,MWC,Northern,Open Soil,2,0 days 01:12:21
0,77,N,MWC,UT,1,NMWC UT 1,1.37,1.3,8/13/19 12:11,2019-08-13 12:11:00+00:00,9466,9586,2019-08-13 11:56:18+00:00,2019,8,13,12,164,28.6,812.8,47.9,38.4,50.9,6.43e-07,159.0,4.14e-10,278,1.15e-07,4.14e-10,4.58e-10,3.69e-10,0.639,3.128e-10,3.57e-10,2.69e-10,4.84e-13,4.47e-11,-4.37e-11,0.646,0.646,0.716,0.577,0,data/avgP/NMWC_UT1.csv,2758,145.5,MWC,Northern,Under Tree,1,0 days 00:14:42
0,78,N,O,OM,2,NO OM 2,2.1,1.77,8/21/19 10:53,2019-08-21 10:53:00+00:00,13665,14145,2019-08-21 11:56:18+00:00,2019,8,21,12,159,31.7,812.2,39.3,29.9,39.7,1.19e-06,308.0,8.71e-09,278,2.42e-06,6.56e-09,6.7e-09,6.41e-09,0.954,8.707e-09,8.77e-09,8.64e-09,-1.03e-11,5.42e-11,-7.48e-11,0.991,13.597,13.698,13.497,0,data/avgP/NO_OM2.csv,2758,145.5,O,Northern,Termite Soil,2,0 days 01:03:18
0,79,N,MWC,OS,2,NMWC OS 2,1.58,1.6,8/9/19 15:04,2019-08-09 15:04:00+00:00,6645,6672,2019-08-09 14:55:21+00:00,2019,8,9,15,89,43.6,797.0,19.2,13.8,20.2,5.71e-07,167.0,6.76e-10,278,1.88e-07,6.76e-10,7.35e-10,6.16e-10,0.479,6.32e-10,6.92e-10,5.72e-10,2.09e-13,5.99e-11,-5.94e-11,0.48,1.055,1.148,0.962,0,data/avgP/NMWC_OS2.csv,2758,145.5,MWC,Northern,Open Soil,2,0 days 00:08:39
0,80,N,O,OS,1,NO OS 1,4.26,4.28,8/20/19 14:44,2019-08-20 14:44:00+00:00,16143,16640,2019-08-20 14:55:21+00:00,2019,8,20,15,260,34.2,803.5,27.1,24.0,28.1,2.09e-07,63.0,1.49e-09,278,4.15e-07,1.27e-09,1.34e-09,1.21e-09,0.816,1.494e-09,1.56e-09,1.43e-09,-1.05e-12,6.08e-11,-6.29e-11,0.825,2.334,2.43,2.237,0,data/avgP/NO_OS1.csv,2758,145.5,O,Northern,Open Soil,1,0 days 00:11:21
0,81,N,MWC,UT,1,NMWC UT 1,1.35,1.27,8/22/19 12:40,2019-08-22 12:40:00+00:00,9608,9728,2019-08-22 12:55:21+00:00,2019,8,22,13,315,31.7,819.1,36.3,30.1,37.6,2.48e-07,73.0,1.93e-09,278,5.38e-07,1.15e-09,1.22e-09,1.09e-09,0.707,1.934e-09,1.98e-09,1.89e-09,-3.75e-12,4e-11,-4.75e-11,0.868,3.02,3.089,2.952,0,data/avgP/NMWC_UT1.csv,2758,145.5,MWC,Northern,Under Tree,1,0 days 00:15:21
0,82,N,O,OM,1,NO OM 1,3.06,3.14,8/16/19 15:35,2019-08-16 15:35:00+00:00,12576,13028,2019-08-16 15:55:21+00:00,2019,8,16,16,202,25.9,814.9,42.3,38.0,44.1,1.04e-06,245.0,7.83e-11,278,2.18e-08,7.83e-11,1.69e-10,-1.22e-11,-0.033,-8.248e-10,-7.53e-10,-8.96e-10,4.32e-12,7.56e-11,-6.7e-11,0.36,0.122,0.263,-0.019,0,data/avgP/NO_OM1.csv,2758,145.5,O,Northern,Termite Soil,1,0 days 00:20:21
0,83,N,O,UT,3,NO UT 3,0.79,0.58,8/21/19 10:35,2019-08-21 10:35:00+00:00,22236,23590,2019-08-21 10:55:21+00:00,2019,8,21,11,259,32.9,817.5,37.5,31.0,37.8,5.11e-07,172.0,5.79e-09,278,1.61e-06,4.02e-09,4.18e-09,3.86e-09,0.798,5.789e-09,5.9e-09,5.68e-09,-8.48e-12,1.05e-10,-1.22e-10,0.896,9.041,9.218,8.864,0,data/avgP/NO_UT3.csv,2758,145.5,O,Northern,Under Tree,3,0 days 00:20:21
0,84,N,MWC,OS,3,NMWC OS 3,1.11,0.85,8/21/19 9:54,2019-08-21 09:54:00+00:00,8115,8210,2019-08-21 03:55:21+00:00,2019,8,21,4,291,14.3,837.2,81.2,79.8,81.4,8.31e-07,180.0,5.84e-09,278,1.62e-06,3.92e-09,4.05e-09,3.79e-09,0.896,5.843e-09,5.89e-09,5.79e-09,-9.21e-12,4.13e-11,-5.97e-11,0.984,9.125,9.204,9.047,0,data/avgP/NMWC_OS3.csv,2758,145.5,MWC,Northern,Open Soil,3,0 days 05:58:39
0,85,N,O,OS,3,NO OS 3,2.01,1.77,8/19/19 15:00,2019-08-19 15:00:00+00:00,19027,19530,2019-08-19 14:55:21+00:00,2019,8,19,15,236,28.2,814.4,40.4,36.0,42.2,2.89e-07,65.0,3.01e-10,272,8.19e-08,3.01e-10,3.55e-10,2.47e-10,0.311,1.544e-10,2.08e-10,1.01e-10,7.17e-13,5.39e-11,-5.25e-11,0.331,0.47,0.554,0.386,0,data/avgP/NO_OS3.csv,2758,145.5,O,Northern,Open Soil,3,0 days 00:04:39
0,86,N,O,UT,1,NO UT 1,1.27,1.18,8/8/19 14:38,2019-08-08 14:38:00+00:00,20324,21233,2019-08-08 14:56:18+00:00,2019,8,8,15,443,30.6,811.0,41.2,32.3,44.4,7.1e-07,163.0,6e-10,278,1.67e-07,6e-10,6.27e-10,5.73e-10,0.891,5.341e-10,5.61e-10,5.07e-10,3.14e-13,2.69e-11,-2.63e-11,0.893,0.937,0.979,0.895,0,data/avgP/NO_UT1.csv,2758,145.5,O,Northern,Under Tree,1,0 days 00:18:18
0,87,N,MWC,OM,3,NMWC OM 3,2.05,2.48,8/16/19 15:10,2019-08-16 15:10:00+00:00,3296,3318,2019-08-16 14:55:21+00:00,2019,8,16,15,255,28.7,810.6,35.1,29.7,36.8,4.01e-07,105.0,1.07e-09,278,2.97e-07,9.32e-10,9.97e-10,8.67e-10,0.426,1.068e-09,1.13e-09,1e-09,-6.52e-13,6.36e-11,-6.49e-11,0.436,1.668,1.768,1.568,0,data/avgP/NMWC_OM3.csv,2758,145.5,MWC,Northern,Termite Soil,3,0 days 00:14:39
0,88,N,O,UT,1,NO UT 1,0.57,0.61,8/21/19 10:26,2019-08-21 10:26:00+00:00,20514,21423,2019-08-21 10:55:21+00:00,2019,8,21,11,640,34.0,817.5,35.8,30.2,37.2,4e-07,101.0,1.76e-09,278,4.88e-07,6.47e-10,7.23e-10,5.71e-10,-0.64,1.756e-09,1.79e-09,1.72e-09,-5.31e-12,2.81e-11,-3.87e-11,0.686,2.743,2.795,2.691,0,data/avgP/NO_UT1.csv,2758,145.5,O,Northern,Under Tree,1,0 days 00:29:21
0,89,N,O,OS,2,NO OS 2,2.37,2.03,8/14/19 11:02,2019-08-14 11:02:00+00:00,17487,17985,2019-08-14 10:56:20+00:00,2019,8,14,11,112,34.9,813.5,41.3,29.3,44.3,0.0,0.0,6.99e-10,278,1.94e-07,6.99e-10,7.38e-10,6.6e-10,0.839,4.354e-10,4.71e-10,4e-10,1.26e-12,3.65e-11,-3.4e-11,0.868,1.092,1.152,1.031,0,data/avgP/NO_OS2.csv,2758,145.5,O,Northern,Open Soil,2,0 days 00:05:40
0,90,N,O,OS,2,NO OS 2,1.7,1.54,8/16/19 10:31,2019-08-16 10:31:00+00:00,17528,18026,2019-08-16 10:55:21+00:00,2019,8,16,11,159,33.0,816.0,34.2,25.6,36.9,8.01e-08,0.0,-2.43e-10,278,-6.77e-08,-2.43e-10,-1.78e-10,-3.09e-10,-3.503,-1.056e-09,-1.01e-09,-1.1e-09,3.89e-12,4.64e-11,-3.86e-11,-0.876,-0.38,-0.277,-0.483,0,data/avgP/NO_OS2.csv,2758,145.5,O,Northern,Open Soil,2,0 days 00:24:21
0,91,N,O,UT,2,NO UT 2,1.08,0.99,8/20/19 10:39,2019-08-20 10:39:00+00:00,21066,22326,2019-08-20 10:55:21+00:00,2019,8,20,11,306,33.9,811.3,36.1,30.8,36.9,2.1e-07,33.0,5.78e-10,278,1.61e-07,5.78e-10,6.63e-10,4.94e-10,0.614,6.827e-11,1.47e-10,-1.01e-11,2.44e-12,8.09e-11,-7.6e-11,0.668,0.903,1.035,0.771,0,data/avgP/NO_UT2.csv,2758,145.5,O,Northern,Under Tree,2,0 days 00:16:21
0,92,N,O,OS,1,NO OS 1,3.26,3.17,8/13/19 12:58,2019-08-13 12:58:00+00:00,15987,16484,2019-08-13 12:55:21+00:00,2019,8,13,13,93,35.1,811.5,34.9,23.7,37.7,2.47e-07,71.0,1.91e-09,278,5.32e-07,1.1e-09,1.19e-09,1.02e-09,0.041,1.914e-09,1.98e-09,1.85e-09,-3.88e-12,6.13e-11,-6.91e-11,0.397,2.989,3.091,2.887,0,data/avgP/NO_OS1.csv,2758,145.5,O,Northern,Open Soil,1,0 days 00:02:39
0,93,N,O,OM,3,NO OM 3,5.35,5.21,8/14/19 10:51,2019-08-14 10:51:00+00:00,14777,15267,2019-08-14 10:55:21+00:00,2019,8,14,11,131,29.7,813.5,45.9,40.1,46.9,5.99e-07,149.0,1.23e-09,278,3.42e-07,1.23e-09,1.29e-09,1.17e-09,0.875,1.055e-09,1.11e-09,9.97e-10,8.43e-13,5.84e-11,-5.67e-11,0.88,1.922,2.013,1.831,0,data/avgP/NO_OM3.csv,2758,145.5,O,Northern,Termite Soil,3,0 days 00:04:21
0,94,N,MWC,UT,2,NMWC UT 2,0.87,0.7,8/17/19 9:42,2019-08-17 09:42:00+00:00,10662,11021,2019-08-17 09:55:21+00:00,2019,8,17,10,425,28.2,817.6,41.9,36.9,43.2,5.5e-07,162.0,4.43e-09,278,1.23e-06,3.82e-09,3.89e-09,3.76e-09,0.977,4.431e-09,4.48e-09,4.38e-09,-2.92e-12,4.81e-11,-5.39e-11,0.985,6.92,6.999,6.84,0,data/avgP/NMWC_UT2.csv,2758,145.5,MWC,Northern,Under Tree,2,0 days 00:13:21
0,95,N,MWC,UT,2,NMWC UT 2,2.4,1.74,8/13/19 11:56,2019-08-13 11:56:00+00:00,10590,10949,2019-08-13 11:55:21+00:00,2019,8,13,12,353,30.3,812.8,43.1,34.7,46.3,7.75e-07,190.0,1.67e-10,278,4.63e-08,1.67e-10,2.22e-10,1.11e-10,0.296,-2.777e-10,-2.29e-10,-3.27e-10,2.13e-12,5.1e-11,-4.67e-11,0.466,0.26,0.347,0.173,0,data/avgP/NMWC_UT2.csv,2758,145.5,MWC,Northern,Under Tree,2,0 days 00:00:39
0,96,N,MWC,OM,1,NMWC OM 1,3.71,3.42,8/21/19 9:22,2019-08-21 09:22:00+00:00,348,349,2019-08-21 08:55:21+00:00,2019,8,21,9,350,22.6,827.8,63.9,55.7,65.3,8.27e-07,205.0,1.58e-08,278,4.39e-06,5.47e-09,6.19e-09,4.75e-09,-2.992,1.58e-08,1.61e-08,1.55e-08,-4.94e-11,2.85e-10,-3.84e-10,0.14,24.67,25.193,24.147,0,data/avgP/NMWC_OM1.csv,2758,145.5,MWC,Northern,Termite Soil,1,0 days 00:26:39
0,97,N,O,OM,3,NO OM 3,4.94,5.39,8/16/19 16:00,2019-08-16 16:00:00+00:00,14829,15319,2019-08-16 15:55:21+00:00,2019,8,16,16,183,27.7,814.9,34.4,30.2,36.4,3.03e-07,90.0,1.39e-09,278,3.87e-07,1.25e-09,1.3e-09,1.19e-09,0.835,1.394e-09,1.45e-09,1.34e-09,-7.06e-13,5.05e-11,-5.19e-11,0.84,2.177,2.257,2.097,0,data/avgP/NO_OM3.csv,2758,145.5,O,Northern,Termite Soil,3,0 days 00:04:39
0,98,N,MWC,OM,3,NMWC OM 3,1.53,0.91,8/17/19 9:57,2019-08-17 09:57:00+00:00,3315,3337,2019-08-17 09:55:21+00:00,2019,8,17,10,274,25.4,817.6,49.5,44.1,50.4,5.97e-07,160.0,1.61e-09,278,4.48e-07,1.24e-09,1.29e-09,1.2e-09,0.889,1.613e-09,1.65e-09,1.57e-09,-1.77e-12,3.86e-11,-4.22e-11,0.916,2.519,2.582,2.456,0,data/avgP/NMWC_OM3.csv,2758,145.5,MWC,Northern,Termite Soil,3,0 days 00:01:39
0,99,N,O,OS,1,NO OS 1,3.65,3.49,8/16/19 15:43,2019-08-16 15:43:00+00:00,16056,16553,2019-08-16 15:55:21+00:00,2019,8,16,16,167,27.7,814.9,35.3,29.9,36.7,4.14e-07,76.0,-8.08e-11,278,-2.25e-08,-8.08e-11,4.41e-11,-2.06e-10,-0.546,-1.433e-09,-1.34e-09,-1.53e-09,6.47e-12,9.95e-11,-8.66e-11,0.145,-0.126,0.069,-0.321,0,data/avgP/NO_OS1.csv,2758,145.5,O,Northern,Open Soil,1,0 days 00:12:21
0,100,N,O,OS,2,NO OS 2,3.05,3.22,8/20/19 15:11,2019-08-20 15:11:00+00:00,18767,19265,2019-08-20 14:55:21+00:00,2019,8,20,15,257,36.5,803.5,28.6,24.8,29.4,0.0,0.0,7.47e-11,278,2.08e-08,4.43e-11,5.54e-11,3.32e-11,-0.008,7.466e-11,8.56e-11,6.37e-11,-1.45e-13,1.08e-11,-1.11e-11,0.02,0.117,0.134,0.099,10000,data/avgP/NO_OS2.csv,2758,145.5,O,Northern,Open Soil,2,0 days 00:15:39
0,101,N,O,UT,2,NO UT 2,1.8,1.52,8/15/19 11:18,2019-08-15 11:18:00+00:00,21000,22260,2019-08-15 11:55:21+00:00,2019,8,15,12,229,31.3,811.5,39.6,31.9,41.8,3e-07,82.0,5.77e-10,278,1.6e-07,5.54e-10,5.87e-10,5.21e-10,0.813,5.77e-10,6.1e-10,5.44e-10,-1.11e-13,3.33e-11,-3.35e-11,0.813,0.901,0.953,0.849,0,data/avgP/NO_UT2.csv,2758,145.5,O,Northern,Under Tree,2,0 days 00:37:21
0,102,N,O,OS,2,NO OS 2,2.3,2.41,8/16/19 16:16,2019-08-16 16:16:00+00:00,18738,19236,2019-08-16 15:55:21+00:00,2019,8,16,16,164,29.8,814.9,36.1,31.8,37.8,0.0,0.0,7.8e-12,278,2.17e-09,4.91e-12,6.92e-12,2.9e-12,0.102,7.804e-12,9.81e-12,5.8e-12,-1.39e-14,1.99e-12,-2.02e-12,0.109,0.012,0.015,0.009,10000,data/avgP/NO_OS2.csv,2758,145.5,O,Northern,Open Soil,2,0 days 00:20:39
0,103,N,MWC,OS,1,NMWC OS 1,1.49,1.48,8/20/19 15:29,2019-08-20 15:29:00+00:00,5075,5102,2019-08-20 15:55:21+00:00,2019,8,20,16,326,32.4,806.9,32.5,27.4,34.1,8.13e-07,221.0,1.55e-10,278,4.32e-08,1.55e-10,1.94e-10,1.17e-10,0.337,-2.157e-10,-1.85e-10,-2.46e-10,1.78e-12,3.25e-11,-2.9e-11,0.574,0.243,0.303,0.183,0,data/avgP/NMWC_OS1.csv,2758,145.5,MWC,Northern,Open Soil,1,0 days 00:26:21
0,104,N,MWC,UT,1,NMWC UT 1,1.17,0.95,8/16/19 14:51,2019-08-16 14:51:00+00:00,9529,9649,2019-08-16 14:55:21+00:00,2019,8,16,15,229,30.6,810.6,35.7,29.4,38.0,5.96e-07,110.0,-6.89e-11,278,-1.91e-08,-6.89e-11,7.39e-11,-2.12e-10,-0.456,-1.776e-09,-1.68e-09,-1.87e-09,8.17e-12,1.05e-10,-8.82e-11,0.339,-0.108,0.115,-0.33,0,data/avgP/NMWC_UT1.csv,2758,145.5,MWC,Northern,Under Tree,1,0 days 00:04:21
0,105,N,MWC,OS,2,NMWC OS 2,0.84,0.72,8/16/19 9:35,2019-08-16 09:35:00+00:00,6785,6812,2019-08-16 09:55:21+00:00,2019,8,16,10,230,27.6,821.6,42.0,37.2,43.8,5.91e-07,168.0,2.01e-09,278,5.58e-07,1.27e-09,1.33e-09,1.21e-09,0.798,2.008e-09,2.05e-09,1.97e-09,-3.51e-12,3.6e-11,-4.3e-11,0.913,3.135,3.197,3.073,0,data/avgP/NMWC_OS2.csv,2758,145.5,MWC,Northern,Open Soil,2,0 days 00:20:21
0,106,N,MWC,UT,3,NMWC UT 3,0.5,0.41,8/21/19 10:01,2019-08-21 10:01:00+00:00,11500,11937,2019-08-21 10:55:21+00:00,2019,8,21,11,232,28.0,817.5,41.5,35.6,42.4,3.06e-06,770.0,2.72e-09,278,7.56e-07,1.45e-09,1.56e-09,1.34e-09,0.307,2.72e-09,2.8e-09,2.64e-09,-6.09e-12,7.23e-11,-8.45e-11,0.655,4.248,4.37,4.125,0,data/avgP/NMWC_UT3.csv,2758,145.5,MWC,Northern,Under Tree,3,0 days 00:54:21
0,107,N,O,UT,3,NO UT 3,1.2,1.02,8/17/19 10:47,2019-08-17 10:47:00+00:00,22146,23500,2019-08-17 10:55:21+00:00,2019,8,17,11,168,34.8,810.4,36.4,26.2,36.6,6.79e-07,192.0,3.7e-09,278,1.03e-06,2.66e-09,2.74e-09,2.59e-09,0.928,3.697e-09,3.74e-09,3.65e-09,-4.95e-12,3.8e-11,-4.79e-11,0.977,5.773,5.84,5.706,0,data/avgP/NO_UT3.csv,2758,145.5,O,Northern,Under Tree,3,0 days 00:08:21
0,108,N,O,OS,1,NO OS 1,3.32,2.46,8/22/19 11:43,2019-08-22 11:43:00+00:00,16183,16680,2019-08-22 11:55:21+00:00,2019,8,22,12,304,41.1,806.2,21.7,14.8,22.4,3.08e-07,86.0,3.54e-10,278,9.84e-08,3.54e-10,4.2e-10,2.88e-10,0.372,-8.169e-11,-2.17e-11,-1.42e-10,2.09e-12,6.21e-11,-5.79e-11,0.478,0.553,0.655,0.45,0,data/avgP/NO_OS1.csv,2758,145.5,O,Northern,Open Soil,1,0 days 00:12:21
0,109,N,MWC,OS,2,NMWC OS 2,1.29,1.27,8/16/19 15:01,2019-08-16 15:01:00+00:00,6790,6817,2019-08-16 14:55:21+00:00,2019,8,16,15,235,33.1,810.6,31.5,25.5,33.6,5.03e-07,134.0,9.72e-10,278,2.7e-07,9.72e-10,1.01e-09,9.33e-10,0.907,6.768e-10,7.12e-10,6.42e-10,1.41e-12,3.61e-11,-3.33e-11,0.927,1.518,1.58,1.457,0,data/avgP/NMWC_OS2.csv,2758,145.5,MWC,Northern,Open Soil,2,0 days 00:05:39
0,110,N,O,OM,1,NO OM 1,2.3,1.82,8/21/19 10:22,2019-08-21 10:22:00+00:00,12666,13118,2019-08-21 10:55:21+00:00,2019,8,21,11,293,26.9,817.5,47.0,44.7,47.8,1.03e-06,252.0,6.84e-10,278,1.9e-07,6.84e-10,7.42e-10,6.25e-10,0.766,5.791e-10,6.37e-10,5.21e-10,5.02e-13,5.88e-11,-5.78e-11,0.769,1.068,1.159,0.977,0,data/avgP/NO_OM1.csv,2758,145.5,O,Northern,Termite Soil,1,0 days 00:33:21
0,111,N,MWC,OS,3,NMWC OS 3,1.29,1.36,8/15/19 11:39,2019-08-15 11:39:00+00:00,8003,8098,2019-08-15 11:55:21+00:00,2019,8,15,12,176,36.7,811.5,33.8,26.2,34.3,5.36e-07,138.0,5.53e-09,278,1.54e-06,4.09e-09,4.2e-09,3.98e-09,0.93,5.533e-09,5.6e-09,5.46e-09,-6.92e-12,6.37e-11,-7.75e-11,0.973,8.641,8.752,8.531,0,data/avgP/NMWC_OS3.csv,2758,145.5,MWC,Northern,Open Soil,3,0 days 00:16:21
0,112,N,O,OM,2,NO OM 2,3.14,3.08,8/16/19 16:05,2019-08-16 16:05:00+00:00,13637,14117,2019-08-16 15:55:21+00:00,2019,8,16,16,127,28.2,814.9,37.3,30.9,39.7,6.94e-07,185.0,3.21e-09,278,8.93e-07,2.44e-09,2.52e-09,2.36e-09,0.873,3.213e-09,3.28e-09,3.15e-09,-3.7e-12,6.44e-11,-7.18e-11,0.915,5.018,5.124,4.912,0,data/avgP/NO_OM2.csv,2758,145.5,O,Northern,Termite Soil,2,0 days 00:09:39
0,113,N,MWC,OM,2,NMWC OM 2,0.34,0.26,8/9/19 15:09,2019-08-09 15:09:00+00:00,1578,1588,2019-08-09 14:55:21+00:00,2019,8,9,15,89,34.1,797.0,20.5,17.2,22.3,5.62e-07,179.0,1.83e-09,278,5.1e-07,1.35e-09,1.41e-09,1.3e-09,0.835,1.835e-09,1.88e-09,1.79e-09,-2.3e-12,4.17e-11,-4.63e-11,0.887,2.865,2.934,2.796,0,data/avgP/NMWC_OM2.csv,2758,145.5,MWC,Northern,Termite Soil,2,0 days 00:13:39
0,114,N,O,UT,2,NO UT 2,1.46,1.37,8/16/19 16:09,2019-08-16 16:09:00+00:00,21023,22283,2019-08-16 15:55:21+00:00,2019,8,16,16,254,29.2,814.9,37.0,32.3,38.8,3.44e-07,71.0,1.05e-10,278,2.92e-08,1.05e-10,1.76e-10,3.39e-11,0.106,-9.546e-10,-9.27e-10,-9.83e-10,5.07e-12,3.31e-11,-2.29e-11,0.862,0.164,0.275,0.053,0,data/avgP/NO_UT2.csv,2758,145.5,O,Northern,Under Tree,2,0 days 00:13:39
0,115,N,MWC,OS,2,NMWC OS 2,1.79,1.53,8/19/19 15:46,2019-08-19 15:46:00+00:00,6861,6888,2019-08-19 15:55:21+00:00,2019,8,19,16,306,35.2,805.5,31.4,24.9,33.8,4.4e-07,114.0,2.36e-10,278,6.56e-08,2.36e-10,2.87e-10,1.85e-10,0.273,-9.951e-11,-5.27e-11,-1.46e-10,1.61e-12,4.84e-11,-4.52e-11,0.392,0.369,0.448,0.289,0,data/avgP/NMWC_OS2.csv,2758,145.5,MWC,Northern,Open Soil,2,0 days 00:09:21
0,116,N,O,OM,1,NO OM 1,4.15,4.22,8/19/19 14:42,2019-08-19 14:42:00+00:00,12645,13097,2019-08-19 14:55:21+00:00,2019,8,19,15,271,26.3,814.4,47.8,44.9,48.8,1.02e-06,241.0,3.56e-10,278,9.91e-08,3.56e-10,4.28e-10,2.85e-10,0.512,-3.449e-10,-2.88e-10,-4.02e-10,3.36e-12,6.06e-11,-5.39e-11,0.69,0.557,0.669,0.445,0,data/avgP/NO_OM1.csv,2758,145.5,O,Northern,Termite Soil,1,0 days 00:13:21
0,117,N,MWC,OM,2,NMWC OM 2,0.39,0.22,8/16/19 9:30,2019-08-16 09:30:00+00:00,1646,1656,2019-08-16 09:55:21+00:00,2019,8,16,10,163,24.7,821.6,42.4,37.0,45.4,8.95e-07,205.0,-4.48e-10,278,-1.24e-07,-4.48e-10,-3.78e-10,-5.17e-10,-2.74,-9.922e-10,-9.31e-10,-1.05e-09,2.61e-12,6.36e-11,-5.84e-11,-1.864,-0.699,-0.59,-0.808,0,data/avgP/NMWC_OM2.csv,2758,145.5,MWC,Northern,Termite Soil,2,0 days 00:25:21
0,118,N,MWC,OM,2,NMWC OM 2,0.73,0.6,8/16/19 15:05,2019-08-16 15:05:00+00:00,1651,1661,2019-08-16 14:55:21+00:00,2019,8,16,15,168,30.4,810.6,29.3,24.2,31.6,5.74e-07,148.0,1.16e-09,278,3.23e-07,6.23e-10,6.95e-10,5.5e-10,-0.516,1.162e-09,1.23e-09,1.1e-09,-2.58e-12,6.21e-11,-6.73e-11,-0.197,1.815,1.916,1.714,0,data/avgP/NMWC_OM2.csv,2758,145.5,MWC,Northern,Termite Soil,2,0 days 00:09:39
0,119,N,O,UT,1,NO UT 1,2.11,1.93,8/19/19 14:46,2019-08-19 14:46:00+00:00,20489,21398,2019-08-19 14:55:21+00:00,2019,8,19,15,611,30.4,814.4,42.9,33.6,46.2,4.39e-07,114.0,1.55e-09,278,4.32e-07,1.04e-09,1.1e-09,9.79e-10,0.466,1.553e-09,1.61e-09,1.5e-09,-2.46e-12,4.99e-11,-5.48e-11,0.609,2.426,2.508,2.344,0,data/avgP/NO_UT1.csv,2758,145.5,O,Northern,Under Tree,1,0 days 00:09:21
0,120,N,O,UT,1,NO UT 1,0.62,0.36,8/17/19 11:02,2019-08-17 11:02:00+00:00,20460,21369,2019-08-17 11:55:21+00:00,2019,8,17,12,580,38.9,810.6,31.4,21.1,34.5,3.03e-07,93.0,2.11e-09,278,5.86e-07,1.16e-09,1.26e-09,1.06e-09,-0.125,2.108e-09,2.19e-09,2.03e-09,-4.53e-12,7.43e-11,-8.34e-11,0.275,3.293,3.416,3.17,0,data/avgP/NO_UT1.csv,2758,145.5,O,Northern,Under Tree,1,0 days 00:53:21
0,121,N,MWC,UT,3,NMWC UT 3,0.57,0.57,8/9/19 15:26,2019-08-09 15:26:00+00:00,11376,11813,2019-08-09 15:55:21+00:00,2019,8,9,16,89,45.0,797.2,12.8,5.6,16.8,1.41e-06,381.0,5.68e-11,278,1.58e-08,5.68e-11,2.11e-10,-9.73e-11,-0.102,-1.479e-09,-1.36e-09,-1.6e-09,7.35e-12,1.29e-10,-1.14e-10,0.315,0.089,0.329,-0.152,10,data/avgP/NMWC_UT3.csv,2758,145.5,MWC,Northern,Under Tree,3,0 days 00:29:21
0,122,N,O,OM,3,NO OM 3,5.6,5.65,8/13/19 13:23,2019-08-13 13:23:00+00:00,14755,15245,2019-08-13 12:55:21+00:00,2019,8,13,13,109,32.4,811.5,38.6,25.8,42.0,5.61e-07,136.0,1.31e-09,278,3.65e-07,1.16e-09,1.24e-09,1.08e-09,0.808,1.314e-09,1.39e-09,1.24e-09,-7.45e-13,7.67e-11,-7.82e-11,0.811,2.051,2.172,1.93,0,data/avgP/NO_OM3.csv,2758,145.5,O,Northern,Termite Soil,3,0 days 00:27:39
0,123,N,O,OS,2,NO OS 2,2.45,2.19,8/20/19 10:45,2019-08-20 10:45:00+00:00,17591,18089,2019-08-20 10:55:21+00:00,2019,8,20,11,253,35.3,811.3,34.2,28.3,36.1,0.0,0.0,2.98e-10,278,8.28e-08,2.76e-10,2.98e-10,2.53e-10,0.624,2.977e-10,3.2e-10,2.75e-10,-1.06e-13,2.22e-11,-2.24e-11,0.626,0.465,0.5,0.43,0,data/avgP/NO_OS2.csv,2758,145.5,O,Northern,Open Soil,2,0 days 00:10:21
0,124,N,O,OM,2,NO OM 2,3.03,2.9,8/22/19 11:26,2019-08-22 11:26:00+00:00,13676,14156,2019-08-22 11:55:21+00:00,2019,8,22,12,171,35.4,806.2,31.9,24.6,33.1,1.1e-06,275.0,4.91e-09,278,1.36e-06,4.91e-09,5.02e-09,4.79e-09,0.971,4.291e-09,4.4e-09,4.19e-09,2.94e-12,1.09e-10,-1.03e-10,0.974,7.661,7.836,7.486,0,data/avgP/NO_OM2.csv,2758,145.5,O,Northern,Termite Soil,2,0 days 00:29:21
0,125,N,MWC,UT,2,NMWC UT 2,1.43,1.12,8/14/19 9:39,2019-08-14 09:39:00+00:00,10596,10955,2019-08-14 10:55:21+00:00,2019,8,14,11,359,31.5,813.5,42.1,37.7,43.1,5.64e-07,146.0,3.04e-09,278,8.45e-07,2.08e-09,2.16e-09,2e-09,0.861,3.039e-09,3.09e-09,2.99e-09,-4.61e-12,4.77e-11,-5.69e-11,0.939,4.746,4.828,4.665,0,data/avgP/NMWC_UT2.csv,2758,145.5,MWC,Northern,Under Tree,2,0 days 01:16:21
0,126,N,MWC,OM,2,NMWC OM 2,0.09,-0.02,8/22/19 12:17,2019-08-22 12:17:00+00:00,1728,1738,2019-08-22 11:55:21+00:00,2019,8,22,12,254,34.9,806.2,34.5,23.1,34.8,1.9e-06,499.0,2.99e-10,278,8.31e-08,2.99e-10,3.71e-10,2.27e-10,0.387,-1.292e-10,-6.17e-11,-1.97e-10,2.05e-12,6.95e-11,-6.54e-11,0.469,0.467,0.58,0.354,0,data/avgP/NMWC_OM2.csv,2758,145.5,MWC,Northern,Termite Soil,2,0 days 00:21:39
0,127,N,O,OS,2,NO OS 2,2.79,3.05,8/8/19 14:49,2019-08-08 14:49:00+00:00,17423,17921,2019-08-08 14:55:21+00:00,2019,8,8,15,46,33.4,811.0,31.0,26.6,32.5,0.0,0.0,7.94e-10,278,2.21e-07,7.94e-10,8.27e-10,7.61e-10,0.888,7.323e-10,7.65e-10,7e-10,2.95e-13,3.3e-11,-3.24e-11,0.89,1.24,1.291,1.188,0,data/avgP/NO_OS2.csv,2758,145.5,O,Northern,Open Soil,2,0 days 00:06:21
0,128,N,MWC,OS,1,NMWC OS 1,0.73,0.41,8/17/19 9:36,2019-08-17 09:36:00+00:00,4998,5025,2019-08-17 08:55:21+00:00,2019,8,17,9,249,23.3,827.1,52.0,49.7,52.7,1.34e-06,303.0,2.41e-09,278,6.69e-07,2.41e-09,2.54e-09,2.27e-09,0.882,1.021e-09,1.13e-09,9.11e-10,6.63e-12,1.17e-10,-1.04e-10,0.926,3.756,3.974,3.539,0,data/avgP/NMWC_OS1.csv,2758,145.5,MWC,Northern,Open Soil,1,0 days 00:40:39
0,129,N,MWC,OM,3,NMWC OM 3,0.75,0.62,8/9/19 15:17,2019-08-09 15:17:00+00:00,3133,3155,2019-08-09 14:55:21+00:00,2019,8,9,15,89,36.9,797.0,24.9,18.7,26.0,7.59e-07,165.0,-1.94e-10,278,-5.39e-08,-1.94e-10,-7.08e-11,-3.17e-10,-0.939,-1.373e-09,-1.27e-09,-1.47e-09,5.64e-12,1.05e-10,-9.37e-11,-0.26,-0.303,-0.111,-0.495,0,data/avgP/NMWC_OM3.csv,2758,145.5,MWC,Northern,Termite Soil,3,0 days 00:21:39
0,130,N,O,OS,3,NO OS 3,3.02,3.35,8/20/19 14:55,2019-08-20 14:55:00+00:00,19038,19541,2019-08-20 14:55:21+00:00,2019,8,20,15,247,36.0,803.5,28.2,22.6,28.9,2.22e-07,31.0,1.71e-10,278,4.75e-08,1.71e-10,2.56e-10,8.6e-11,0.188,-9.495e-10,-9e-10,-9.99e-10,5.36e-12,5.47e-11,-4.4e-11,0.727,0.267,0.4,0.134,0,data/avgP/NO_OS3.csv,2758,145.5,O,Northern,Open Soil,3,0 days 00:00:21
0,131,N,O,UT,3,NO UT 3,1.14,0.76,8/22/19 11:38,2019-08-22 11:38:00+00:00,22260,23614,2019-08-22 11:55:21+00:00,2019,8,22,12,283,38.7,806.2,30.2,22.7,30.2,7.29e-07,169.0,1.39e-09,278,3.87e-07,1.39e-09,1.5e-09,1.29e-09,0.812,4.956e-10,5.83e-10,4.09e-10,4.29e-12,9.13e-11,-8.27e-11,0.866,2.174,2.335,2.013,0,data/avgP/NO_UT3.csv,2758,145.5,O,Northern,Under Tree,3,0 days 00:17:21
0,132,N,O,OS,3,NO OS 3,0.81,0.59,8/22/19 11:34,2019-08-22 11:34:00+00:00,19077,19580,2019-08-22 11:56:18+00:00,2019,8,22,12,287,38.2,806.2,27.8,21.6,28.7,1.32e-07,60.0,1.71e-09,278,4.75e-07,1.37e-09,1.45e-09,1.3e-09,0.727,1.707e-09,1.78e-09,1.64e-09,-1.59e-12,6.85e-11,-7.17e-11,0.749,2.666,2.775,2.556,0,data/avgP/NO_OS3.csv,2758,145.5,O,Northern,Open Soil,3,0 days 00:22:18
0,133,N,MWC,OM,3,NMWC OM 3,2.37,1.87,8/19/19 15:31,2019-08-19 15:31:00+00:00,3365,3387,2019-08-19 15:55:21+00:00,2019,8,19,16,326,31.3,805.5,34.7,28.5,36.9,4.98e-07,97.0,-1.82e-10,278,-5.06e-08,-1.82e-10,-7.89e-11,-2.85e-10,-0.914,-9.366e-10,-8.44e-10,-1.03e-09,3.61e-12,9.59e-11,-8.87e-11,-0.524,-0.285,-0.123,-0.446,0,data/avgP/NMWC_OM3.csv,2758,145.5,MWC,Northern,Termite Soil,3,0 days 00:24:21
0,134,N,O,OS,3,NO OS 3,1.07,0.9,8/8/19 15:08,2019-08-08 15:08:00+00:00,18871,19374,2019-08-08 14:55:21+00:00,2019,8,8,15,59,31.6,811.0,34.5,29.3,35.8,7.4e-07,189.0,3.16e-10,278,8.79e-08,3.16e-10,3.71e-10,2.62e-10,0.394,5.856e-11,1.11e-10,6.4e-12,1.23e-12,5.34e-11,-5.09e-11,0.445,0.494,0.579,0.409,0,data/avgP/NO_OS3.csv,2758,145.5,O,Northern,Open Soil,3,0 days 00:12:39
0,135,N,O,OM,1,NO OM 1,2.42,2.53,8/16/19 10:02,2019-08-16 10:02:00+00:00,12570,13022,2019-08-16 09:55:21+00:00,2019,8,16,10,196,22.6,821.6,50.2,46.6,51.6,1.01e-06,265.0,1.95e-09,278,5.42e-07,1.27e-09,1.32e-09,1.21e-09,0.785,1.95e-09,1.99e-09,1.91e-09,-3.28e-12,3.57e-11,-4.22e-11,0.902,3.045,3.105,2.984,0,data/avgP/NO_OM1.csv,2758,145.5,O,Northern,Termite Soil,1,0 days 00:06:39
0,136,N,O,OS,2,NO OS 2,2.44,2.44,8/15/19 11:21,2019-08-15 11:21:00+00:00,17510,18008,2019-08-15 11:55:21+00:00,2019,8,15,12,136,36.6,811.5,37.6,25.5,37.6,0.0,0.0,4.89e-10,278,1.36e-07,4.89e-10,5.15e-10,4.63e-10,0.854,2.474e-10,2.69e-10,2.26e-10,1.16e-12,2.27e-11,-2.04e-11,0.902,0.764,0.805,0.723,0,data/avgP/NO_OS2.csv,2758,145.5,O,Northern,Open Soil,2,0 days 00:34:21
0,137,N,MWC,UT,1,NMWC UT 1,1.24,1.53,8/15/19 12:12,2019-08-15 12:12:00+00:00,9511,9631,2019-08-15 11:55:21+00:00,2019,8,15,12,209,27.7,811.5,45.2,41.3,47.4,7.25e-07,149.0,-2.43e-10,278,-6.76e-08,-2.43e-10,-1.47e-10,-3.4e-10,-1.536,-1.358e-09,-1.29e-09,-1.43e-09,5.34e-12,7.28e-11,-6.22e-11,-0.24,-0.38,-0.229,-0.53,0,data/avgP/NMWC_UT1.csv,2758,145.5,MWC,Northern,Under Tree,1,0 days 00:16:39
0,138,N,MWC,OM,2,NMWC OM 2,1.72,1.39,8/13/19 11:42,2019-08-13 11:42:00+00:00,1605,1615,2019-08-13 11:56:17+00:00,2019,8,13,12,117,31.5,812.8,45.8,31.3,47.9,7.17e-07,188.0,1.24e-09,278,3.46e-07,5.27e-10,5.97e-10,4.57e-10,-0.145,1.245e-09,1.3e-09,1.19e-09,-3.43e-12,5.09e-11,-5.78e-11,0.313,1.944,2.029,1.859,0,data/avgP/NMWC_OM2.csv,2758,145.5,MWC,Northern,Termite Soil,2,0 days 00:14:17
0,139,N,O,OM,3,NO OM 3,6.14,5.91,8/15/19 11:06,2019-08-15 11:06:00+00:00,14801,15291,2019-08-15 11:55:21+00:00,2019,8,15,12,155,33.8,811.5,35.5,26.9,35.5,4.15e-07,95.0,2.38e-09,278,6.62e-07,1.42e-09,1.5e-09,1.34e-09,0.75,2.383e-09,2.44e-09,2.33e-09,-4.61e-12,5.11e-11,-6.03e-11,0.884,3.721,3.808,3.634,0,data/avgP/NO_OM3.csv,2758,145.5,O,Northern,Termite Soil,3,0 days 00:49:21
0,140,N,MWC,UT,3,NMWC UT 3,1.11,0.88,8/15/19 11:45,2019-08-15 11:45:00+00:00,11419,11856,2019-08-15 11:55:21+00:00,2019,8,15,12,147,29.7,811.5,43.6,34.6,45.1,3.01e-06,787.0,2.65e-09,278,7.35e-07,1.51e-09,1.61e-09,1.41e-09,0.489,2.645e-09,2.72e-09,2.57e-09,-5.45e-12,6.91e-11,-8e-11,0.73,4.131,4.248,4.015,0,data/avgP/NMWC_UT3.csv,2758,145.5,MWC,Northern,Under Tree,3,0 days 00:10:21
0,141,N,O,OM,3,NO OM 3,4.11,3.74,8/8/19 15:12,2019-08-08 15:12:00+00:00,14705,15195,2019-08-08 14:55:21+00:00,2019,8,8,15,59,29.5,811.0,33.9,30.4,34.8,6.78e-07,164.0,1.72e-09,278,4.78e-07,1.43e-09,1.5e-09,1.37e-09,0.803,1.72e-09,1.78e-09,1.66e-09,-1.38e-12,6.27e-11,-6.55e-11,0.817,2.686,2.786,2.586,0,data/avgP/NO_OM3.csv,2758,145.5,O,Northern,Termite Soil,3,0 days 00:16:39
0,142,N,MWC,OM,1,NMWC OM 1,4.72,4.35,8/19/19 16:00,2019-08-19 16:00:00+00:00,307,308,2019-08-19 15:55:21+00:00,2019,8,19,16,309,35.7,805.5,30.8,26.7,32.6,4.16e-08,10.0,1.39e-08,278,3.85e-06,1.39e-08,1.44e-08,1.33e-08,0.934,5.703e-09,5.87e-09,5.53e-09,3.9e-11,2.09e-10,-1.31e-10,0.993,21.633,22.462,20.803,0,data/avgP/NMWC_OM1.csv,2758,145.5,MWC,Northern,Termite Soil,1,0 days 00:04:39
0,143,N,O,OM,3,NO OM 3,4.38,4.5,8/19/19 15:04,2019-08-19 15:04:00+00:00,14867,15357,2019-08-19 14:55:21+00:00,2019,8,19,15,223,26.3,814.4,43.9,41.4,45.3,3.77e-07,87.0,1.09e-09,278,3.04e-07,1.09e-09,1.13e-09,1.06e-09,0.947,9.327e-10,9.66e-10,9e-10,7.65e-13,3.38e-11,-3.23e-11,0.952,1.706,1.76,1.652,0,data/avgP/NO_OM3.csv,2758,145.5,O,Northern,Termite Soil,3,0 days 00:08:39
0,144,N,MWC,OS,3,NMWC OS 3,1.38,1.24,8/20/19 15:57,2019-08-20 15:57:00+00:00,8103,8198,2019-08-20 15:55:21+00:00,2019,8,20,16,279,34.3,806.9,29.2,24.7,30.3,2.79e-08,0.0,2.22e-09,278,6.17e-07,2.09e-09,2.16e-09,2.01e-09,0.9,2.22e-09,2.29e-09,2.15e-09,-6.45e-13,6.94e-11,-7.07e-11,0.901,3.467,3.576,3.358,0,data/avgP/NMWC_OS3.csv,2758,145.5,MWC,Northern,Open Soil,3,0 days 00:01:39
0,145,N,O,OS,3,NO OS 3,0.7,0.62,8/21/19 10:39,2019-08-21 10:39:00+00:00,19053,19556,2019-08-21 11:56:18+00:00,2019,8,21,12,263,34.7,812.2,31.8,26.1,32.5,2.37e-07,78.0,9.23e-10,278,2.57e-07,7.08e-10,7.64e-10,6.53e-10,0.632,9.235e-10,9.77e-10,8.69e-10,-1.03e-12,5.3e-11,-5.5e-11,0.653,1.442,1.526,1.358,0,data/avgP/NO_OS3.csv,2758,145.5,O,Northern,Open Soil,3,0 days 01:17:18
0,146,N,O,OM,3,NO OM 3,4.94,4.62,8/16/19 10:21,2019-08-16 10:21:00+00:00,14823,15313,2019-08-16 09:55:21+00:00,2019,8,16,10,177,25.2,821.6,40.1,36.5,41.6,5.42e-07,133.0,1.81e-09,278,5.04e-07,1.46e-09,1.5e-09,1.42e-09,0.948,1.813e-09,1.85e-09,1.78e-09,-1.7e-12,3.19e-11,-3.53e-11,0.964,2.832,2.885,2.78,0,data/avgP/NO_OM3.csv,2758,145.5,O,Northern,Termite Soil,3,0 days 00:25:39
0,147,N,O,OM,3,NO OM 3,6.88,7.49,8/21/19 10:43,2019-08-21 10:43:00+00:00,14891,15381,2019-08-21 10:55:21+00:00,2019,8,21,11,247,30.3,817.5,39.6,30.7,39.4,4.41e-07,92.0,2.43e-09,278,6.75e-07,2.24e-09,2.34e-09,2.14e-09,0.905,2.43e-09,2.53e-09,2.33e-09,-8.97e-13,9.78e-11,-9.96e-11,0.906,3.795,3.949,3.64,0,data/avgP/NO_OM3.csv,2758,145.5,O,Northern,Termite Soil,3,0 days 00:12:21
0,148,N,MWC,OM,2,NMWC OM 2,0.65,0.54,8/15/19 11:51,2019-08-15 11:51:00+00:00,1633,1643,2019-08-15 11:55:21+00:00,2019,8,15,12,148,31.1,811.5,41.8,33.0,42.3,5.97e-07,168.0,2.08e-09,278,5.79e-07,1.35e-09,1.45e-09,1.25e-09,0.42,2.084e-09,2.17e-09,2e-09,-3.52e-12,8.33e-11,-9.03e-11,0.545,3.254,3.39,3.118,0,data/avgP/NMWC_OM2.csv,2758,145.5,MWC,Northern,Termite Soil,2,0 days 00:04:21
0,149,N,MWC,OM,2,NMWC OM 2,0.33,0.39,8/21/19 9:36,2019-08-21 09:36:00+00:00,1707,1717,2019-08-21 09:55:21+00:00,2019,8,21,10,231,25.6,820.5,47.6,40.5,49.7,1.69e-06,478.0,5.03e-09,278,1.4e-06,2.17e-09,2.39e-09,1.95e-09,-5.038,5.034e-09,5.17e-09,4.9e-09,-1.37e-11,1.19e-10,-1.47e-10,-1.174,7.862,8.069,7.654,0,data/avgP/NMWC_OM2.csv,2758,145.5,MWC,Northern,Termite Soil,2,0 days 00:19:21
0,150,N,O,UT,1,NO UT 1,0.95,0.87,8/16/19 15:39,2019-08-16 15:39:00+00:00,20448,21357,2019-08-16 15:55:21+00:00,2019,8,16,16,568,30.8,814.9,39.6,28.7,43.3,4.99e-07,103.0,7.21e-10,278,2e-07,7.21e-10,7.84e-10,6.57e-10,0.77,4.362e-10,4.97e-10,3.75e-10,1.36e-12,6.26e-11,-5.99e-11,0.788,1.125,1.225,1.026,0,data/avgP/NO_UT1.csv,2758,145.5,O,Northern,Under Tree,1,0 days 00:16:21
0,151,N,O,OM,1,NO OM 1,3.2,3.19,8/13/19 12:48,2019-08-13 12:48:00+00:00,12519,12971,2019-08-13 12:55:21+00:00,2019,8,13,13,144,30.1,811.5,44.2,37.2,45.3,1.04e-06,275.0,2.77e-09,278,7.7e-07,2.02e-09,2.09e-09,1.95e-09,0.895,2.769e-09,2.82e-09,2.72e-09,-3.57e-12,4.75e-11,-5.46e-11,0.942,4.325,4.404,4.245,0,data/avgP/NO_OM1.csv,2758,145.5,O,Northern,Termite Soil,1,0 days 00:07:21
0,152,N,MWC,OM,2,NMWC OM 2,0.92,0.68,8/19/19 15:43,2019-08-19 15:43:00+00:00,1682,1692,2019-08-19 15:55:21+00:00,2019,8,19,16,206,35.1,805.5,30.4,18.0,33.9,3.64e-07,115.0,2.07e-09,278,5.75e-07,1.1e-09,1.18e-09,1.01e-09,0.217,2.069e-09,2.13e-09,2.01e-09,-4.65e-12,5.39e-11,-6.32e-11,0.619,3.231,3.322,3.14,0,data/avgP/NMWC_OM2.csv,2758,145.5,MWC,Northern,Termite Soil,2,0 days 00:12:21
0,153,N,MWC,UT,2,NMWC UT 2,0.57,0.51,8/9/19 15:00,2019-08-09 15:00:00+00:00,10562,10921,2019-08-09 14:55:21+00:00,2019,8,9,15,325,39.0,797.0,20.7,13.9,23.2,8.42e-07,209.0,2.29e-09,278,6.37e-07,2.29e-09,2.38e-09,2.2e-09,0.922,1.455e-09,1.53e-09,1.38e-09,4e-12,7.86e-11,-7.06e-11,0.947,3.577,3.718,3.435,0,data/avgP/NMWC_UT2.csv,2758,145.5,MWC,Northern,Under Tree,2,0 days 00:04:39
0,154,N,MWC,UT,3,NMWC UT 3,0.68,0.52,8/22/19 12:13,2019-08-22 12:13:00+00:00,11519,11956,2019-08-22 11:55:21+00:00,2019,8,22,12,252,34.2,806.2,33.1,25.8,34.4,3.02e-06,759.0,1.42e-09,278,3.95e-07,1.42e-09,1.59e-09,1.25e-09,0.701,-2.84e-10,-1.48e-10,-4.2e-10,8.17e-12,1.44e-10,-1.28e-10,0.813,2.22,2.489,1.952,0,data/avgP/NMWC_UT3.csv,2758,145.5,MWC,Northern,Under Tree,3,0 days 00:17:39
0,155,N,MWC,OS,1,NMWC OS 1,0.56,0.54,8/14/19 9:30,2019-08-14 09:30:00+00:00,4928,4955,2019-08-14 09:55:21+00:00,2019,8,14,10,179,27.3,820.5,50.3,47.1,49.6,1.21e-06,313.0,5.5e-09,278,1.53e-06,2.45e-09,2.65e-09,2.25e-09,0.122,5.502e-09,5.56e-09,5.44e-09,-1.46e-11,4.39e-11,-7.31e-11,0.923,8.592,8.684,8.501,0,data/avgP/NMWC_OS1.csv,2758,145.5,MWC,Northern,Open Soil,1,0 days 00:25:21
0,156,N,MWC,UT,1,NMWC UT 1,1.38,1.88,8/16/19 9:52,2019-08-16 09:52:00+00:00,9524,9644,2019-08-16 09:55:21+00:00,2019,8,16,10,224,26.5,821.6,42.8,36.6,45.3,5.27e-07,135.0,2.78e-09,278,7.74e-07,1.62e-09,1.71e-09,1.53e-09,0.512,2.783e-09,2.84e-09,2.73e-09,-5.56e-12,5.24e-11,-6.35e-11,0.808,4.346,4.437,4.256,0,data/avgP/NMWC_UT1.csv,2758,145.5,MWC,Northern,Under Tree,1,0 days 00:03:21
0,157,N,MWC,OS,3,NMWC OS 3,1.19,0.84,8/19/19 15:35,2019-08-19 15:35:00+00:00,8090,8185,2019-08-19 15:55:21+00:00,2019,8,19,16,265,35.8,805.5,31.2,26.6,33.2,2.66e-07,51.0,1.27e-09,278,3.54e-07,1.27e-09,1.34e-09,1.2e-09,0.874,6.914e-10,7.51e-10,6.31e-10,2.78e-12,6.29e-11,-5.73e-11,0.907,1.987,2.097,1.878,0,data/avgP/NMWC_OS3.csv,2758,145.5,MWC,Northern,Open Soil,3,0 days 00:20:21
0,158,N,O,UT,1,NO UT 1,1.6,1.38,8/20/19 14:38,2019-08-20 14:38:00+00:00,20501,21410,2019-08-20 14:55:21+00:00,2019,8,20,15,625,35.5,803.5,34.0,22.9,36.7,2.31e-07,67.0,2.22e-09,278,6.17e-07,1.26e-09,1.34e-09,1.18e-09,0.339,2.221e-09,2.28e-09,2.16e-09,-4.6e-12,5.45e-11,-6.37e-11,0.672,3.468,3.561,3.376,0,data/avgP/NO_UT1.csv,2758,145.5,O,Northern,Under Tree,1,0 days 00:17:21
0,159,N,O,OM,1,NO OM 1,2.92,2.61,8/22/19 11:52,2019-08-22 11:52:00+00:00,12677,13129,2019-08-22 11:55:21+00:00,2019,8,22,12,305,32.5,806.2,40.4,29.8,39.3,8.94e-07,239.0,2.02e-09,278,5.61e-07,7.87e-10,8.77e-10,6.96e-10,-0.802,2.018e-09,2.07e-09,1.97e-09,-5.89e-12,4.34e-11,-5.52e-11,0.468,3.151,3.228,3.074,0,data/avgP/NO_OM1.csv,2758,145.5,O,Northern,Termite Soil,1,0 days 00:03:21
0,160,N,O,OS,2,NO OS 2,2.51,2.56,8/13/19 13:40,2019-08-13 13:40:00+00:00,17471,17969,2019-08-13 18:56:20+00:00,2019,8,13,19,96,19.1,831.2,86.5,82.2,86.6,0.0,0.0,7.77e-10,278,2.16e-07,7.77e-10,8.35e-10,7.18e-10,0.813,-8.338e-11,-5.84e-11,-1.08e-10,4.12e-12,2.91e-11,-2.08e-11,0.966,1.213,1.304,1.121,0,data/avgP/NO_OS2.csv,2758,145.5,O,Northern,Open Soil,2,0 days 05:16:20
0,161,N,O,OS,1,NO OS 1,3.54,3.81,8/17/19 10:58,2019-08-17 10:58:00+00:00,16073,16570,2019-08-17 11:55:21+00:00,2019,8,17,12,186,42.7,810.6,18.8,11.0,20.2,1.44e-07,47.0,2.9e-09,278,8.07e-07,1.9e-09,2e-09,1.8e-09,0.624,2.903e-09,2.99e-09,2.82e-09,-4.81e-12,7.82e-11,-8.78e-11,0.759,4.534,4.664,4.404,0,data/avgP/NO_OS1.csv,2758,145.5,O,Northern,Open Soil,1,0 days 00:57:21
0,162,N,MWC,UT,3,NMWC UT 3,1.79,1.33,8/19/19 15:38,2019-08-19 15:38:00+00:00,11476,11913,2019-08-19 15:55:21+00:00,2019,8,19,16,207,37.6,805.5,24.3,17.4,27.4,2.96e-06,805.0,8.35e-10,278,2.32e-07,8.35e-10,1e-09,6.65e-10,0.511,-7.744e-10,-6.37e-10,-9.11e-10,7.7e-12,1.45e-10,-1.29e-10,0.68,1.303,1.567,1.039,0,data/avgP/NMWC_UT3.csv,2758,145.5,MWC,Northern,Under Tree,3,0 days 00:17:21
0,163,N,MWC,OS,1,NMWC OS 1,1.63,1.15,8/19/19 16:03,2019-08-19 16:03:00+00:00,5051,5078,2019-08-19 15:55:21+00:00,2019,8,19,16,302,35.5,805.5,31.1,26.8,33.3,1.01e-06,258.0,6.02e-10,278,1.67e-07,6.02e-10,6.67e-10,5.36e-10,0.721,-1.162e-10,-6.81e-11,-1.64e-10,3.44e-12,5.15e-11,-4.46e-11,0.849,0.94,1.042,0.838,0,data/avgP/NMWC_OS1.csv,2758,145.5,MWC,Northern,Open Soil,1,0 days 00:07:39
0,164,N,MWC,UT,1,NMWC UT 1,1.76,1.87,8/20/19 15:32,2019-08-20 15:32:00+00:00,9577,9697,2019-08-20 15:55:21+00:00,2019,8,20,16,282,31.0,806.9,34.5,28.8,36.1,2.36e-07,77.0,2.52e-09,278,7.02e-07,1.28e-09,1.37e-09,1.18e-09,0.084,2.525e-09,2.58e-09,2.47e-09,-5.98e-12,4.85e-11,-6.04e-11,0.696,3.943,4.028,3.858,0,data/avgP/NMWC_UT1.csv,2758,145.5,MWC,Northern,Under Tree,1,0 days 00:23:21
0,165,N,O,UT,3,NO UT 3,1.14,1.1,8/16/19 10:14,2019-08-16 10:14:00+00:00,22121,23475,2019-08-16 09:55:21+00:00,2019,8,16,10,143,28.4,821.6,39.1,34.7,41.1,9.14e-07,215.0,2.98e-09,278,8.28e-07,2.88e-09,2.95e-09,2.8e-09,0.963,2.98e-09,3.05e-09,2.91e-09,-4.86e-13,7.35e-11,-7.45e-11,0.963,4.653,4.769,4.538,0,data/avgP/NO_UT3.csv,2758,145.5,O,Northern,Under Tree,3,0 days 00:18:39
0,166,N,MWC,OM,3,NMWC OM 3,1.75,1.37,8/20/19 15:51,2019-08-20 15:51:00+00:00,4754,4776,2019-08-20 15:55:21+00:00,2019,8,20,16,345,28.9,806.9,34.0,31.0,34.8,3.46e-07,96.0,-2.37e-10,278,-6.58e-08,-2.37e-10,-1.97e-10,-2.76e-10,0.012,-4.999e-10,-4.64e-10,-5.36e-10,1.26e-12,3.72e-11,-3.47e-11,0.18,-0.37,-0.308,-0.431,100000,data/avgP/NMWC_OM3.csv,2758,145.5,MWC,Northern,Termite Soil,3,0 days 00:04:21
0,167,N,MWC,OM,3,NMWC OM 3,0.68,0.31,8/22/19 12:04,2019-08-22 12:04:00+00:00,3415,3437,2019-08-22 11:55:21+00:00,2019,8,22,12,380,33.8,806.2,39.5,30.3,38.5,4.5e-07,109.0,1.26e-09,278,3.5e-07,2.14e-10,3.02e-10,1.27e-10,-0.247,1.257e-09,1.32e-09,1.2e-09,-4.99e-12,5.39e-11,-6.39e-11,0.433,1.964,2.055,1.872,0,data/avgP/NMWC_OM3.csv,2758,145.5,MWC,Northern,Termite Soil,3,0 days 00:08:39
0,168,N,MWC,UT,3,NMWC UT 3,1.32,1.3,8/20/19 16:01,2019-08-20 16:01:00+00:00,11486,11923,2019-08-20 15:55:21+00:00,2019,8,20,16,217,34.6,806.9,27.0,20.7,29.8,2.84e-06,774.0,3.68e-09,278,1.02e-06,2.44e-09,2.57e-09,2.3e-09,0.589,3.683e-09,3.8e-09,3.57e-09,-5.97e-12,1.08e-10,-1.2e-10,0.717,5.752,5.93,5.573,0,data/avgP/NMWC_UT3.csv,2758,145.5,MWC,Northern,Under Tree,3,0 days 00:05:39
0,169,N,O,OM,3,NO OM 3,4.16,4.14,8/17/19 10:40,2019-08-17 10:40:00+00:00,14841,15331,2019-08-17 10:55:21+00:00,2019,8,17,11,196,31.2,810.4,36.0,27.7,37.1,4.29e-07,116.0,9.5e-10,278,2.64e-07,9.5e-10,9.97e-10,9.03e-10,0.891,7.251e-10,7.7e-10,6.8e-10,1.08e-12,4.58e-11,-4.37e-11,0.9,1.484,1.557,1.411,0,data/avgP/NO_OM3.csv,2758,145.5,O,Northern,Termite Soil,3,0 days 00:15:21
0,170,N,O,OS,1,NO OS 1,3.54,3.29,8/19/19 14:51,2019-08-19 14:51:00+00:00,16121,16618,2019-08-19 14:55:21+00:00,2019,8,19,15,236,29.1,814.4,37.0,33.4,38.8,3.2e-07,79.0,1.05e-09,278,2.91e-07,9.59e-10,1e-09,9.13e-10,0.793,1.046e-09,1.09e-09,1e-09,-4.19e-13,4.49e-11,-4.58e-11,0.796,1.634,1.705,1.563,0,data/avgP/NO_OS1.csv,2758,145.5,O,Northern,Open Soil,1,0 days 00:04:21
0,171,N,MWC,UT,3,NMWC UT 3,0.68,0.22,8/16/19 15:20,2019-08-16 15:20:00+00:00,11438,11875,2019-08-16 15:55:21+00:00,2019,8,16,16,168,28.4,814.9,36.2,30.4,38.5,3e-06,761.0,1.89e-09,278,5.25e-07,9.89e-10,1.09e-09,8.93e-10,-0.645,1.887e-09,1.97e-09,1.81e-09,-4.3e-12,7.49e-11,-8.35e-11,-0.103,2.947,3.071,2.824,0,data/avgP/NMWC_UT3.csv,2758,145.5,MWC,Northern,Under Tree,3,0 days 00:35:21
0,172,N,MWC,UT,1,NMWC UT 1,1.81,2.16,8/9/19 14:54,2019-08-09 14:54:00+00:00,9438,9558,2019-08-09 14:55:21+00:00,2019,8,9,15,136,39.2,797.0,24.5,18.0,25.9,5.32e-07,151.0,1.94e-09,278,5.38e-07,1.94e-09,2.02e-09,1.85e-09,0.847,1.884e-09,1.97e-09,1.8e-09,2.53e-13,8.41e-11,-8.36e-11,0.847,3.025,3.156,2.894,0,data/avgP/NMWC_UT1.csv,2758,145.5,MWC,Northern,Under Tree,1,0 days 00:01:21
0,173,N,O,UT,1,NO UT 1,0.96,0.79,8/22/19 11:47,2019-08-22 11:47:00+00:00,20535,21444,2019-08-22 11:55:21+00:00,2019,8,22,12,661,39.7,806.2,30.7,21.7,32.6,3.13e-07,90.0,1.6e-09,278,4.45e-07,8.18e-10,9.03e-10,7.34e-10,-1.837,1.602e-09,1.67e-09,1.53e-09,-3.75e-12,6.55e-11,-7.3e-11,-0.904,2.502,2.61,2.393,0,data/avgP/NO_UT1.csv,2758,145.5,O,Northern,Under Tree,1,0 days 00:08:21
0,174,N,O,OM,1,NO OM 1,2.17,2.0,8/17/19 11:06,2019-08-17 11:06:00+00:00,12595,13047,2019-08-17 11:55:21+00:00,2019,8,17,12,221,31.7,810.6,40.9,30.4,40.7,8.9e-07,231.0,2.22e-09,278,6.17e-07,1.42e-09,1.49e-09,1.36e-09,0.717,2.218e-09,2.27e-09,2.17e-09,-3.8e-12,4.44e-11,-5.2e-11,0.861,3.464,3.539,3.389,0,data/avgP/NO_OM1.csv,2758,145.5,O,Northern,Termite Soil,1,0 days 00:49:21
0,175,N,MWC,OM,2,NMWC OM 2,0.77,0.66,8/20/19 15:46,2019-08-20 15:46:00+00:00,1694,1704,2019-08-20 15:55:21+00:00,2019,8,20,16,218,30.8,806.9,31.8,26.4,33.8,1.62e-06,411.0,7.26e-10,278,2.02e-07,7.26e-10,7.76e-10,6.76e-10,0.818,6.284e-10,6.78e-10,5.78e-10,4.66e-13,5.05e-11,-4.96e-11,0.821,1.134,1.212,1.055,0,data/avgP/NMWC_OM2.csv,2758,145.5,MWC,Northern,Termite Soil,2,0 days 00:09:21
0,176,N,O,UT,3,NO UT 3,1.58,1.28,8/13/19 13:09,2019-08-13 13:09:00+00:00,22053,23407,2019-08-13 12:55:21+00:00,2019,8,13,13,75,35.0,811.5,38.2,26.1,41.4,6.16e-07,189.0,3.54e-09,278,9.84e-07,2.95e-09,3.02e-09,2.87e-09,0.942,3.541e-09,3.6e-09,3.48e-09,-2.84e-12,6.1e-11,-6.66e-11,0.957,5.53,5.63,5.43,0,data/avgP/NO_UT3.csv,2758,145.5,O,Northern,Under Tree,3,0 days 00:13:39
0,177,N,MWC,OS,3,NMWC OS 3,1.41,1.13,8/14/19 9:59,2019-08-14 09:59:00+00:00,7978,8073,2019-08-14 09:55:21+00:00,2019,8,14,10,151,29.2,820.5,51.2,42.9,52.3,7.29e-07,181.0,7.38e-09,278,2.05e-06,5.5e-09,5.66e-09,5.35e-09,0.925,7.384e-09,7.48e-09,7.29e-09,-9e-12,8.71e-11,-1.05e-10,0.97,11.531,11.681,11.381,0,data/avgP/NMWC_OS3.csv,2758,145.5,MWC,Northern,Open Soil,3,0 days 00:03:39
0,178,N,MWC,OS,3,NMWC OS 3,2.63,2.66,8/9/19 15:22,2019-08-09 15:22:00+00:00,7874,7969,2019-08-09 14:55:21+00:00,2019,8,9,15,47,42.6,797.0,21.0,14.0,21.7,5.06e-07,114.0,6.25e-09,278,1.74e-06,4.56e-09,4.69e-09,4.44e-09,0.926,6.25e-09,6.32e-09,6.18e-09,-8.07e-12,6.64e-11,-8.25e-11,0.975,9.761,9.877,9.645,0,data/avgP/NMWC_OS3.csv,2758,145.5,MWC,Northern,Open Soil,3,0 days 00:26:39
0,179,N,MWC,OS,3,NMWC OS 3,1.67,1.5,8/22/19 12:09,2019-08-22 12:09:00+00:00,8131,8226,2019-08-22 11:55:21+00:00,2019,8,22,12,310,40.6,806.2,28.5,21.2,29.0,2.62e-08,29.0,7.9e-09,278,2.2e-06,4.32e-09,4.61e-09,4.03e-09,-0.099,7.902e-09,8.1e-09,7.71e-09,-1.71e-11,1.77e-10,-2.11e-10,0.523,12.34,12.643,12.037,0,data/avgP/NMWC_OS3.csv,2758,145.5,MWC,Northern,Open Soil,3,0 days 00:13:39
0,180,N,MWC,UT,1,NMWC UT 1,1.12,1.23,8/21/19 9:31,2019-08-21 09:31:00+00:00,9588,9708,2019-08-21 09:55:21+00:00,2019,8,21,10,295,27.1,820.5,43.8,39.7,45.4,3.44e-07,113.0,3.92e-09,278,1.09e-06,2.88e-09,2.96e-09,2.8e-09,0.93,3.916e-09,3.96e-09,3.87e-09,-4.94e-12,4e-11,-4.99e-11,0.977,6.115,6.185,6.045,0,data/avgP/NMWC_UT1.csv,2758,145.5,MWC,Northern,Under Tree,1,0 days 00:24:21
0,181,N,O,UT,2,NO UT 2,1.56,1.7,8/8/19 14:54,2019-08-08 14:54:00+00:00,20914,22174,2019-08-08 14:55:21+00:00,2019,8,8,15,142,31.9,811.0,37.2,29.8,39.2,5.1e-07,137.0,1.95e-09,278,5.41e-07,1.27e-09,1.34e-09,1.2e-09,0.578,1.945e-09,2.01e-09,1.88e-09,-3.23e-12,5.8e-11,-6.44e-11,0.712,3.038,3.133,2.942,0,data/avgP/NO_UT2.csv,2758,145.5,O,Northern,Under Tree,2,0 days 00:01:21
0,182,N,MWC,UT,2,NMWC UT 2,1.85,1.84,8/22/19 12:29,2019-08-22 12:29:00+00:00,10726,11085,2019-08-22 12:55:21+00:00,2019,8,22,13,489,33.4,819.1,32.1,28.6,32.5,1.88e-07,55.0,8.18e-09,278,2.27e-06,4.5e-09,4.74e-09,4.26e-09,0.629,8.18e-09,8.26e-09,8.1e-09,-1.76e-11,5.9e-11,-9.42e-11,0.962,12.775,12.895,12.655,0,data/avgP/NMWC_UT2.csv,2758,145.5,MWC,Northern,Under Tree,2,0 days 00:26:21
0,183,N,MWC,OS,1,NMWC OS 1,1.13,1.0,8/15/19 12:08,2019-08-15 12:08:00+00:00,4953,4980,2019-08-15 11:55:21+00:00,2019,8,15,12,204,34.1,811.5,45.1,34.2,44.5,1.01e-06,299.0,7.24e-09,278,2.01e-06,4.32e-09,4.52e-09,4.12e-09,0.691,7.243e-09,7.34e-09,7.15e-09,-1.4e-11,7.92e-11,-1.07e-10,0.935,11.311,11.457,11.166,0,data/avgP/NMWC_OS1.csv,2758,145.5,MWC,Northern,Open Soil,1,0 days 00:12:39
0,184,N,MWC,OS,1,NMWC OS 1,1.8,1.37,8/9/19 14:49,2019-08-09 14:49:00+00:00,4886,4913,2019-08-09 14:55:21+00:00,2019,8,9,15,136,37.6,797.0,21.4,16.4,22.7,2.74e-07,80.0,6.45e-09,278,1.79e-06,3.88e-09,4.05e-09,3.71e-09,0.818,6.445e-09,6.51e-09,6.38e-09,-1.23e-11,5.76e-11,-8.21e-11,0.971,10.065,10.174,9.956,0,data/avgP/NMWC_OS1.csv,2758,145.5,MWC,Northern,Open Soil,1,0 days 00:06:21
0,185,N,MWC,OS,1,NMWC OS 1,1.09,0.89,8/16/19 9:47,2019-08-16 09:47:00+00:00,4975,5002,2019-08-16 09:55:21+00:00,2019,8,16,10,226,27.8,821.6,39.6,35.2,41.6,1e-06,268.0,6.03e-09,278,1.68e-06,4.23e-09,4.35e-09,4.1e-09,0.918,6.026e-09,6.08e-09,5.98e-09,-8.62e-12,4.12e-11,-5.84e-11,0.986,9.411,9.489,9.333,0,data/avgP/NMWC_OS1.csv,2758,145.5,MWC,Northern,Open Soil,1,0 days 00:08:21
0,186,N,MWC,OS,2,NMWC OS 2,0.73,0.61,8/21/19 9:41,2019-08-21 09:41:00+00:00,6895,6922,2019-08-21 08:55:21+00:00,2019,8,21,9,341,22.7,827.8,57.0,53.8,57.8,9.82e-07,248.0,2.45e-09,278,6.81e-07,1.3e-09,1.38e-09,1.22e-09,0.604,2.451e-09,2.48e-09,2.42e-09,-5.52e-12,2.78e-11,-3.88e-11,0.929,3.827,3.879,3.775,0,data/avgP/NMWC_OS2.csv,2758,145.5,MWC,Northern,Open Soil,2,0 days 00:45:39
0,187,N,MWC,OS,2,NMWC OS 2,1.44,0.92,8/20/19 15:43,2019-08-20 15:43:00+00:00,6884,6911,2019-08-20 15:55:21+00:00,2019,8,20,16,329,32.6,806.9,32.1,26.9,33.6,5.99e-07,146.0,-2.12e-10,278,-5.89e-08,-2.12e-10,-1.42e-10,-2.82e-10,-1.293,-1.112e-09,-1.07e-09,-1.15e-09,4.31e-12,4.71e-11,-3.84e-11,0.15,-0.331,-0.222,-0.44,0,data/avgP/NMWC_OS2.csv,2758,145.5,MWC,Northern,Open Soil,2,0 days 00:12:21
0,188,N,O,UT,2,NO UT 2,1.87,1.65,8/20/19 15:07,2019-08-20 15:07:00+00:00,21068,22328,2019-08-20 15:55:21+00:00,2019,8,20,16,308,35.2,806.9,29.2,23.8,30.7,8.35e-08,2.0,1.33e-09,278,3.7e-07,1.33e-09,1.39e-09,1.27e-09,0.902,7.759e-10,8.28e-10,7.24e-10,2.65e-12,5.43e-11,-4.9e-11,0.932,2.077,2.174,1.981,0,data/avgP/NO_UT2.csv,2758,145.5,O,Northern,Under Tree,2,0 days 00:48:21
0,189,N,MWC,OS,3,NMWC OS 3,1.05,0.88,8/16/19 15:16,2019-08-16 15:16:00+00:00,8030,8125,2019-08-16 14:55:21+00:00,2019,8,16,15,203,33.3,810.6,31.9,25.3,34.0,5.71e-07,120.0,7.8e-09,278,2.17e-06,4.99e-09,5.18e-09,4.8e-09,0.847,7.796e-09,7.88e-09,7.72e-09,-1.34e-11,6.74e-11,-9.42e-11,0.973,12.175,12.301,12.048,0,data/avgP/NMWC_OS3.csv,2758,145.5,MWC,Northern,Open Soil,3,0 days 00:20:39
0,190,N,MWC,OM,1,NMWC OM 1,3.22,2.48,8/16/19 9:43,2019-08-16 09:43:00+00:00,231,232,2019-08-16 09:55:21+00:00,2019,8,16,10,233,26.4,821.6,40.6,37.0,42.6,2.83e-07,70.0,1.57e-08,278,4.37e-06,1.55e-08,1.58e-08,1.52e-08,0.977,1.571e-08,1.6e-08,1.54e-08,-9.74e-13,3.04e-10,-3.06e-10,0.977,24.534,25.009,24.058,0,data/avgP/NMWC_OM1.csv,2758,145.5,MWC,Northern,Termite Soil,1,0 days 00:12:21
0,191,N,O,UT,2,NO UT 2,1.84,1.72,8/13/19 13:33,2019-08-13 13:33:00+00:00,20963,22223,2019-08-13 18:56:19+00:00,2019,8,13,19,192,18.9,831.2,83.5,78.7,83.9,1.02e-06,217.0,6.01e-10,278,1.67e-07,6.01e-10,6.65e-10,5.37e-10,0.742,3.492e-13,5.21e-11,-5.14e-11,2.88e-12,5.47e-11,-4.89e-11,0.83,0.938,1.038,0.839,0,data/avgP/NO_UT2.csv,2758,145.5,O,Northern,Under Tree,2,0 days 05:23:19
0,192,N,MWC,OM,1,NMWC OM 1,4.02,3.93,8/20/19 15:25,2019-08-20 15:25:00+00:00,330,331,2019-08-20 14:55:21+00:00,2019,8,20,15,332,36.2,803.5,29.3,23.7,29.5,6.8e-08,0.0,9.07e-09,278,2.52e-06,9.07e-09,9.46e-09,8.67e-09,0.919,4.173e-09,4.43e-09,3.92e-09,2.34e-11,2.76e-10,-2.29e-10,0.967,14.163,14.778,13.548,0,data/avgP/NMWC_OM1.csv,2758,145.5,MWC,Northern,Termite Soil,1,0 days 00:29:39
0,193,N,MWC,OS,1,NMWC OS 1,0.66,0.32,8/20/19 9:52,2019-08-20 09:52:00+00:00,5069,5096,2019-08-20 09:55:21+00:00,2019,8,20,10,320,29.0,818.6,43.4,39.5,44.4,1.03e-06,266.0,5.12e-09,278,1.42e-06,5.12e-09,5.24e-09,5.01e-09,0.973,3.836e-09,3.92e-09,3.75e-09,6.17e-12,8.81e-11,-7.57e-11,0.986,8.002,8.18,7.824,0,data/avgP/NMWC_OS1.csv,2758,145.5,MWC,Northern,Open Soil,1,0 days 00:03:21
0,194,N,MWC,UT,2,NMWC UT 2,1.17,1.22,8/16/19 9:38,2019-08-16 09:38:00+00:00,10642,11001,2019-08-16 09:55:21+00:00,2019,8,16,10,405,27.1,821.6,39.2,34.9,41.2,6.97e-07,178.0,4.4e-09,278,1.22e-06,4.02e-09,4.09e-09,3.94e-09,0.979,4.4e-09,4.47e-09,4.33e-09,-1.83e-12,6.61e-11,-6.98e-11,0.982,6.871,6.977,6.765,0,data/avgP/NMWC_UT2.csv,2758,145.5,MWC,Northern,Under Tree,2,0 days 00:17:21
0,195,N,MWC,OS,3,NMWC OS 3,0.83,0.84,8/16/19 9:20,2019-08-16 09:20:00+00:00,8024,8119,2019-08-16 08:55:21+00:00,2019,8,16,9,197,20.5,831.9,56.9,52.0,59.1,8.03e-07,203.0,9.37e-09,278,2.6e-06,6.29e-09,6.49e-09,6.09e-09,0.895,9.366e-09,9.43e-09,9.3e-09,-1.47e-11,4.85e-11,-7.79e-11,0.99,14.627,14.726,14.529,0,data/avgP/NMWC_OS3.csv,2758,145.5,MWC,Northern,Open Soil,3,0 days 00:24:39
0,196,N,MWC,UT,2,NMWC UT 2,0.57,0.49,8/21/19 9:44,2019-08-21 09:44:00+00:00,10707,11066,2019-08-21 08:55:21+00:00,2019,8,21,9,470,22.4,827.8,55.7,52.2,57.1,6.97e-07,195.0,4.23e-09,278,1.18e-06,4.12e-09,4.19e-09,4.05e-09,0.979,4.229e-09,4.3e-09,4.16e-09,-5.21e-13,7.29e-11,-7.39e-11,0.979,6.604,6.718,6.489,0,data/avgP/NMWC_UT2.csv,2758,145.5,MWC,Northern,Under Tree,2,0 days 00:48:39
0,197,N,O,UT,3,NO UT 3,2.41,2.71,8/8/19 15:04,2019-08-08 15:04:00+00:00,22007,23361,2019-08-08 18:55:21+00:00,2019,8,8,19,29,19.3,830.1,57.0,56.2,57.1,1.14e-06,305.0,5e-09,278,1.39e-06,3.72e-09,3.82e-09,3.62e-09,0.926,5.005e-09,5.07e-09,4.94e-09,-6.15e-12,5.56e-11,-6.79e-11,0.972,7.816,7.913,7.72,0,data/avgP/NO_UT3.csv,2758,145.5,O,Northern,Under Tree,3,0 days 03:51:21
0,198,N,MWC,OS,3,NMWC OS 3,1.09,0.96,8/20/19 9:24,2019-08-20 09:24:00+00:00,8097,8192,2019-08-20 09:55:21+00:00,2019,8,20,10,273,30.4,818.6,43.2,37.6,44.6,4.2e-07,88.0,5.73e-09,278,1.59e-06,3.97e-09,4.1e-09,3.85e-09,0.894,5.727e-09,5.8e-09,5.66e-09,-8.4e-12,6.01e-11,-7.69e-11,0.97,8.944,9.051,8.837,0,data/avgP/NMWC_OS3.csv,2758,145.5,MWC,Northern,Open Soil,3,0 days 00:31:21
0,199,N,O,UT,3,NO UT 3,1.58,1.35,8/20/19 10:23,2019-08-20 10:23:00+00:00,22211,23565,2019-08-20 09:55:21+00:00,2019,8,20,10,234,30.2,818.6,41.4,36.8,42.3,7.32e-07,196.0,4.58e-09,278,1.27e-06,3.04e-09,3.15e-09,2.94e-09,0.878,4.578e-09,4.62e-09,4.53e-09,-7.36e-12,3.54e-11,-5.01e-11,0.98,7.149,7.216,7.082,0,data/avgP/NO_UT3.csv,2758,145.5,O,Northern,Under Tree,3,0 days 00:27:39
0,200,N,O,UT,3,NO UT 3,1.76,1.59,8/15/19 10:58,2019-08-15 10:58:00+00:00,22099,23453,2019-08-15 11:55:21+00:00,2019,8,15,12,121,35.7,811.5,37.7,28.2,37.2,6.99e-07,186.0,6.16e-09,278,1.71e-06,4.5e-09,4.63e-09,4.38e-09,0.921,6.157e-09,6.23e-09,6.08e-09,-7.92e-12,6.59e-11,-8.18e-11,0.973,9.615,9.73,9.499,0,data/avgP/NO_UT3.csv,2758,145.5,O,Northern,Under Tree,3,0 days 00:57:21
0,201,N,O,OS,1,NO OS 1,4.19,4.37,8/14/19 10:22,2019-08-14 10:22:00+00:00,16822,17319,2019-08-14 09:55:48+00:00,2019,8,14,10,114,30.6,820.5,43.2,32.2,47.4,9.52e-07,243.0,-1.44e-09,278,-4.01e-07,-1.44e-09,-1.29e-09,-1.6e-09,-1.244,-3.845e-09,-3.8e-09,-3.89e-09,1.15e-11,5.78e-11,-3.48e-11,0.801,-2.251,-2.008,-2.494,100000,data/avgP/NO_OS1.csv,2758,145.5,O,Northern,Open Soil,1,0 days 00:26:12
0,202,N,MWC,UT,2,NMWC UT 2,2.25,2.25,8/20/19 15:38,2019-08-20 15:38:00+00:00,10697,11056,2019-08-20 15:55:21+00:00,2019,8,20,16,460,32.9,806.9,28.4,24.3,30.0,4.8e-07,103.0,2.64e-09,278,7.33e-07,2.64e-09,2.77e-09,2.5e-09,0.898,9.998e-10,1.09e-09,9.07e-10,7.83e-12,1e-10,-8.45e-11,0.954,4.116,4.33,3.903,0,data/avgP/NMWC_UT2.csv,2758,145.5,MWC,Northern,Under Tree,2,0 days 00:17:21
0,203,N,MWC,UT,2,NMWC UT 2,0.9,0.85,8/20/19 9:41,2019-08-20 09:41:00+00:00,10692,11051,2019-08-20 10:55:21+00:00,2019,8,20,11,455,32.3,811.3,36.6,32.6,37.0,4.38e-07,111.0,7.8e-09,278,2.17e-06,5.54e-09,5.69e-09,5.4e-09,0.937,7.802e-09,7.84e-09,7.76e-09,-1.08e-11,2.68e-11,-4.84e-11,0.996,12.184,12.242,12.125,0,data/avgP/NMWC_UT2.csv,2758,145.5,MWC,Northern,Under Tree,2,0 days 01:14:21
0,204,N,MWC,UT,2,NMWC UT 2,2.36,2.21,8/19/19 15:52,2019-08-19 15:52:00+00:00,10691,11050,2019-08-19 08:55:21+00:00,2019,8,19,9,454,22.2,828.0,62.1,57.9,62.9,1.15e-06,254.0,2.87e-09,278,7.99e-07,2.87e-09,3.07e-09,2.67e-09,0.85,1.523e-10,2.59e-10,4.53e-11,1.3e-11,1.2e-10,-9.39e-11,0.957,4.488,4.799,4.177,0,data/avgP/NMWC_UT2.csv,2758,145.5,MWC,Northern,Under Tree,2,0 days 06:56:39
0,205,N,MWC,OM,1,NMWC OM 1,2.68,2.12,8/22/19 12:34,2019-08-22 12:34:00+00:00,375,376,2019-08-22 12:55:21+00:00,2019,8,22,13,377,36.3,819.1,33.1,24.9,32.4,1.87e-07,19.0,1.11e-08,278,3.08e-06,6.02e-09,6.45e-09,5.6e-09,0.684,1.108e-08,1.14e-08,1.08e-08,-2.42e-11,2.65e-10,-3.13e-10,0.855,17.302,17.753,16.851,0,data/avgP/NMWC_OM1.csv,2758,145.5,MWC,Northern,Termite Soil,1,0 days 00:21:21
0,206,N,MWC,OS,2,NMWC OS 2,1.38,1.11,8/22/19 12:24,2019-08-22 12:24:00+00:00,6920,6947,2019-08-22 11:55:21+00:00,2019,8,22,12,367,36.8,806.2,35.9,23.2,35.5,4.74e-07,126.0,2.38e-10,278,6.61e-08,2.38e-10,2.8e-10,1.95e-10,0.514,-1.56e-11,2.38e-11,-5.5e-11,1.21e-12,4.06e-11,-3.82e-11,0.581,0.371,0.437,0.305,0,data/avgP/NMWC_OS2.csv,2758,145.5,MWC,Northern,Open Soil,2,0 days 00:28:39
0,207,N,O,OS,2,NO OS 2,2.36,2.35,8/22/19 11:16,2019-08-22 11:16:00+00:00,17613,18111,2019-08-22 12:55:21+00:00,2019,8,22,13,277,39.6,819.1,32.3,32.6,32.2,7.41e-07,174.0,5.86e-10,278,1.63e-07,5.86e-10,6.48e-10,5.24e-10,0.632,2.408e-10,2.99e-10,1.83e-10,1.65e-12,5.99e-11,-5.66e-11,0.675,0.915,1.011,0.818,0,data/avgP/NO_OS2.csv,2758,145.5,O,Northern,Open Soil,2,0 days 01:39:21
0,208,N,MWC,OM,1,NMWC OM 1,5.84,5.69,8/14/19 9:34,2019-08-14 09:34:00+00:00,184,185,2019-08-14 09:56:18+00:00,2019,8,14,10,186,25.6,820.5,59.4,57.0,59.2,7.67e-07,189.0,2.18e-08,278,6.07e-06,2.18e-08,2.2e-08,2.16e-08,0.995,2.06e-08,2.08e-08,2.04e-08,5.89e-12,1.94e-10,-1.83e-10,0.995,34.098,34.415,33.781,0,data/avgP/NMWC_OM1.csv,2758,145.5,MWC,Northern,Termite Soil,1,0 days 00:22:18
0,209,N,MWC,UT,3,NMWC UT 3,1.19,0.73,8/13/19 11:37,2019-08-13 11:37:00+00:00,11389,11826,2019-08-13 11:55:21+00:00,2019,8,13,12,115,29.5,812.8,46.1,34.7,48.4,2.82e-06,727.0,5.75e-10,278,1.6e-07,5.75e-10,6.57e-10,4.93e-10,-0.019,5.393e-10,6.22e-10,4.57e-10,1.7e-13,8.25e-11,-8.22e-11,-0.019,0.898,1.026,0.769,0,data/avgP/NMWC_UT3.csv,2758,145.5,MWC,Northern,Under Tree,3,0 days 00:18:21
0,210,N,MWC,OM,1,NMWC OM 1,3.99,3.76,8/17/19 9:32,2019-08-17 09:32:00+00:00,254,255,2019-08-17 08:55:21+00:00,2019,8,17,9,256,22.8,827.1,55.4,52.9,57.7,8.23e-07,204.0,2.53e-08,278,7.05e-06,2.53e-08,2.58e-08,2.49e-08,0.984,1.999e-08,2.03e-08,1.97e-08,2.57e-11,2.94e-10,-2.43e-10,0.994,39.587,40.253,38.922,0,data/avgP/NMWC_OM1.csv,2758,145.5,MWC,Northern,Termite Soil,1,0 days 00:36:39
0,211,N,MWC,OM,1,NMWC OM 1,3.48,2.91,8/16/19 14:40,2019-08-16 14:40:00+00:00,236,237,2019-08-16 14:55:21+00:00,2019,8,16,15,238,32.9,810.6,30.4,23.6,32.2,2.19e-07,34.0,3.16e-08,278,8.78e-06,2.19e-08,2.26e-08,2.13e-08,0.918,3.157e-08,3.19e-08,3.12e-08,-4.61e-11,2.85e-10,-3.77e-10,0.981,49.297,49.814,48.779,0,data/avgP/NMWC_OM1.csv,2758,145.5,MWC,Northern,Termite Soil,1,0 days 00:15:21
