TimestampR,avgP_perhour
1988-12-03 20:00:00,803.9639393939394
1988-12-03 21:00:00,806.5518504672897
1988-12-03 22:00:00,809.1308253968253
1988-12-03 23:00:00,809.0035266821345
1988-12-04 00:00:00,817.1228143712575
1988-12-04 01:00:00,823.8898742138365
1988-12-04 02:00:00,827.192554517134
1988-12-04 03:00:00,829.3809523809524
1988-12-04 04:00:00,829.8526031746031
1988-12-04 05:00:00,830.5926031746031
1988-12-04 06:00:00,831.4721587301588
1988-12-04 07:00:00,831.4319682539683
1988-12-04 08:00:00,831.1944761904762
1988-12-04 09:00:00,830.4354603174603
1988-12-04 10:00:00,829.8706984126984
1988-12-04 11:00:00,829.8351428571428
1988-12-04 12:00:00,829.8750442477876
1999-12-31 02:00:00,816.9365033222591
1999-12-31 03:00:00,810.3663736263736
1999-12-31 04:00:00,815.3629678848283
1999-12-31 05:00:00,817.1955980066446
1999-12-31 06:00:00,819.7075249169435
1999-12-31 07:00:00,827.3856810631229
1999-12-31 08:00:00,821.5346345514951
1999-12-31 09:00:00,819.0283554817275
1999-12-31 10:00:00,824.4827574750831
1999-12-31 11:00:00,827.4244186046511
1999-12-31 12:00:00,828.2492026578074
1999-12-31 13:00:00,829.4598671096345
1999-12-31 14:00:00,830.6060797342193
2019-08-02 18:00:00,836.3133333333334
2019-08-03 19:00:00,830.4483720930233
2019-08-03 20:00:00,832.6776411960133
2019-08-03 21:00:00,833.6725913621262
2019-08-03 22:00:00,834.616511627907
2019-08-03 23:00:00,836.185415282392
2019-08-04 00:00:00,836.6881395348837
2019-08-04 01:00:00,836.8871760797342
2019-08-04 02:00:00,837.2272757475083
2019-08-04 03:00:00,837.5305980066445
2019-08-04 04:00:00,837.8958471760798
2019-08-04 05:00:00,838.2575083056479
2019-08-04 06:00:00,839.2267774086379
2019-08-04 07:00:00,840.756511627907
2019-08-04 08:00:00,834.5540531561462
2019-08-04 09:00:00,827.4686378737541
2019-08-04 10:00:00,820.186611295681
2019-08-04 11:00:00,815.2223255813954
2019-08-04 12:00:00,815.4397342192691
2019-08-04 13:00:00,815.4374418604651
2019-08-04 14:00:00,808.7376744186047
2019-08-04 15:00:00,805.1965780730897
2019-08-04 16:00:00,807.9360465116279
2019-08-04 17:00:00,807.5172093023256
2019-08-04 18:00:00,822.9000332225913
2019-08-04 19:00:00,829.3414617940199
2019-08-04 20:00:00,833.4202325581396
2019-08-04 21:00:00,834.8281063122923
2019-08-04 22:00:00,835.1685049833887
2019-08-04 23:00:00,835.4748504983389
2019-08-05 00:00:00,836.3828571428571
2019-08-05 01:00:00,837.0086378737542
2019-08-05 02:00:00,837.1511627906976
2019-08-05 03:00:00,837.627607973422
2019-08-05 04:00:00,838.6929900332226
2019-08-05 05:00:00,838.9012292358804
2019-08-05 06:00:00,841.4281063122924
2019-08-05 07:00:00,842.9276411960133
2019-08-05 08:00:00,838.1875083056478
2019-08-05 09:00:00,829.0677408637874
2019-08-05 11:00:00,811.8908305647841
2019-08-05 12:00:00,810.0938870431894
2019-08-05 13:00:00,808.0711295681064
2019-08-05 14:00:00,803.3364285714285
2019-08-05 15:00:00,800.8872757475083
2019-08-05 16:00:00,805.6373255813953
2019-08-05 17:00:00,807.0571096345515
2019-08-05 18:00:00,818.7586378737542
2019-08-05 19:00:00,828.3002860286028
2019-08-05 20:00:00,830.9959930915371
2019-08-05 21:00:00,834.9725474956822
2019-08-05 22:00:00,835.4522538860103
2019-08-05 23:00:00,835.0455872193437
2019-08-06 00:00:00,836.1211744386874
2019-08-06 01:00:00,836.8288514680484
2019-08-06 02:00:00,837.7853281519862
2019-08-06 03:00:00,838.2991105354058
2019-08-06 04:00:00,839.0134715025906
2019-08-06 05:00:00,839.6844905008636
2019-08-06 06:00:00,840.4206303972367
2019-08-06 07:00:00,840.4264994165694
2019-08-06 08:00:00,836.0806651108518
2019-08-06 09:00:00,828.506487747958
2019-08-06 10:00:00,816.7726604434073
2019-08-06 11:00:00,810.0429054842474
2019-08-06 12:00:00,816.4479229871645
2019-08-06 13:00:00,811.0903150525088
2019-08-06 14:00:00,805.1144574095682
2019-08-06 15:00:00,807.7798716452742
2019-08-06 16:00:00,811.5779579929988
2019-08-06 17:00:00,817.8063593932322
2019-08-06 18:00:00,825.9430805134189
2019-08-06 19:00:00,832.6740956826138
2019-08-06 20:00:00,833.9374329054842
2019-08-06 21:00:00,834.2332205367561
2019-08-06 22:00:00,834.2388564760794
2019-08-06 23:00:00,834.816487747958
2019-08-07 00:00:00,836.8603150525088
2019-08-07 01:00:00,835.6447141190198
2019-08-07 02:00:00,834.4748308051342
2019-08-07 03:00:00,834.1766977829639
2019-08-07 04:00:00,834.3988681446908
2019-08-07 05:00:00,835.6699766627771
2019-08-07 06:00:00,836.0485764294049
2019-08-07 07:00:00,836.6241540256709
2019-08-07 08:00:00,833.1585180863477
2019-08-07 09:00:00,827.9058109684947
2019-08-07 10:00:00,819.0595565927655
2019-08-07 11:00:00,815.6094509803921
2019-08-07 12:00:00,810.4473388429752
2019-08-07 13:00:00,808.6339534883721
2019-08-07 14:00:00,803.4130980066445
2019-08-07 15:00:00,810.4878820598007
2019-08-07 16:00:00,822.4371013289036
2019-08-07 17:00:00,821.4741777408638
2019-08-07 18:00:00,816.0539202657808
2019-08-07 19:00:00,828.0144252491694
2019-08-07 20:00:00,831.5857674418604
2019-08-07 21:00:00,832.5693621262459
2019-08-07 22:00:00,834.2508571428572
2019-08-07 23:00:00,835.0930166112956
2019-08-08 00:00:00,835.0855747508306
2019-08-08 01:00:00,835.5520199335548
2019-08-08 02:00:00,835.6447043189369
2019-08-08 03:00:00,835.8592026578073
2019-08-08 04:00:00,836.8274019933555
2019-08-08 05:00:00,839.1978671096346
2019-08-08 06:00:00,835.5709700996678
2019-08-08 07:00:00,835.8028571428572
2019-08-08 08:00:00,831.6889568106312
2019-08-08 09:00:00,826.4389900332226
2019-08-08 10:00:00,819.796757475083
2019-08-08 11:00:00,816.7525664451828
2019-08-08 12:00:00,812.4719158361019
2019-08-08 13:00:00,809.733211517165
2019-08-08 14:00:00,808.4364053156146
2019-08-08 15:00:00,811.0052026578073
2019-08-08 16:00:00,804.1637607973422
2019-08-08 17:00:00,809.9423787375415
2019-08-08 18:00:00,821.4492225913622
2019-08-08 19:00:00,830.1068571428572
2019-08-08 20:00:00,833.1705647840531
2019-08-08 21:00:00,834.0312491694352
2019-08-08 22:00:00,834.0618405315614
2019-08-08 23:00:00,835.7638139534884
2019-08-09 00:00:00,836.6422458471761
2019-08-09 01:00:00,837.196146179402
2019-08-09 02:00:00,837.7260132890366
2019-08-09 03:00:00,837.9616478405316
2019-08-09 04:00:00,837.296392026578
2019-08-09 05:00:00,837.1924916943522
2019-08-09 06:00:00,839.5280398671097
2019-08-09 07:00:00,840.1511096345515
2019-08-09 08:00:00,835.3545913621263
2019-08-09 09:00:00,825.1471827242525
2019-08-09 10:00:00,814.720950166113
2019-08-09 11:00:00,811.5571871539313
2019-08-09 12:00:00,803.8437209302325
2019-08-09 13:00:00,803.9959335548173
2019-08-09 14:00:00,800.6059136212624
2019-08-09 15:00:00,796.9987707641196
2019-08-09 16:00:00,797.1813953488372
2019-08-09 17:00:00,807.7869568106312
2019-08-09 18:00:00,823.1269302325582
2019-08-09 19:00:00,829.5981860465116
2019-08-09 20:00:00,832.329415282392
2019-08-09 21:00:00,833.6458870431894
2019-08-09 22:00:00,835.3730631229236
2019-08-09 23:00:00,836.5419401993355
2019-08-10 00:00:00,837.0287774086379
2019-08-10 01:00:00,836.8614285714285
2019-08-10 02:00:00,837.3468637873755
2019-08-10 03:00:00,838.1165980066445
2019-08-10 04:00:00,839.2237142857143
2019-08-10 05:00:00,839.636584717608
2019-08-10 06:00:00,839.8370033222592
2019-08-10 07:00:00,840.4591362126246
2019-08-10 08:00:00,836.8811827242525
2019-08-10 09:00:00,828.8300265780731
2019-08-10 10:00:00,820.8285913621263
2019-08-10 11:00:00,816.1855681063123
2019-08-10 12:00:00,809.0363388704319
2019-08-10 13:00:00,806.7750564784053
2019-08-10 14:00:00,802.9662059800664
2019-08-10 15:00:00,812.400657807309
2019-08-10 16:00:00,810.1547043189369
2019-08-10 17:00:00,811.6778936877076
2019-08-11 04:00:00,837.3582724252492
2019-08-11 05:00:00,837.8982392026578
2019-08-11 06:00:00,837.8511295681063
2019-08-11 07:00:00,838.583388704319
2019-08-11 08:00:00,837.9319601328904
2019-08-11 09:00:00,831.8446511627907
2019-08-11 10:00:00,825.8375747508305
2019-08-11 11:00:00,820.4529568106312
2019-08-11 12:00:00,811.9981063122924
2019-08-11 13:00:00,812.0101993355481
2019-08-11 14:00:00,809.3787707641196
2019-08-11 15:00:00,806.0297342192691
2019-08-11 16:00:00,804.9286046511628
2019-08-11 17:00:00,812.20900332225915
2019-08-11 18:00:00,816.8515614617941
2019-08-11 19:00:00,830.9073421926911
2019-08-11 20:00:00,834.5173754152823
2019-08-11 21:00:00,835.9306644518273
2019-08-11 22:00:00,835.4536544850498
2019-08-11 23:00:00,835.2336877076413
2019-08-12 00:00:00,836.1392358803987
2019-08-12 01:00:00,835.8988704318937
2019-08-12 02:00:00,836.4659800664452
2019-08-12 03:00:00,835.1721262458472
2019-08-12 04:00:00,835.8432558139535
2019-08-12 05:00:00,836.621561461794
2019-08-12 06:00:00,838.9633554817276
2019-08-12 07:00:00,840.0738870431894
2019-08-12 08:00:00,835.7284053156146
2019-08-12 09:00:00,828.3722259136213
2019-08-12 10:00:00,819.3440863787375
2019-08-12 11:00:00,812.6597009966778
2019-08-12 12:00:00,807.5939867109635
2019-08-12 13:00:00,806.2257142857143
2019-08-12 14:00:00,808.4002990033223
2019-08-12 15:00:00,809.3508970099667
2019-08-12 16:00:00,818.8917940199335
2019-08-12 17:00:00,817.8012292358804
2019-08-12 18:00:00,827.4704318936878
2019-08-12 19:00:00,829.8705315614618
2019-08-12 20:00:00,832.0728239202658
2019-08-12 21:00:00,834.824219269103
2019-08-12 22:00:00,836.5856146179402
2019-08-12 23:00:00,836.2652491694353
2019-08-13 00:00:00,835.8708637873755
2019-08-13 01:00:00,837.6064119601328
2019-08-13 02:00:00,837.9672757475083
2019-08-13 03:00:00,839.3209966777408
2019-08-13 04:00:00,839.0621262458471
2019-08-13 05:00:00,839.6333222591362
2019-08-13 06:00:00,840.2195681063123
2019-08-13 07:00:00,840.3158803986711
2019-08-13 08:00:00,837.7564451827243
2019-08-13 09:00:00,829.4693023255815
2019-08-13 10:00:00,820.1153488372094
2019-08-13 12:00:00,812.765347467609
2019-08-13 13:00:00,811.5095524146054
2019-08-13 14:00:00,809.6356419316843
2019-08-13 15:00:00,812.3511542991755
2019-08-13 16:00:00,816.5487279151944
2019-08-13 17:00:00,826.0281861012957
2019-08-13 18:00:00,833.2472786885246
2019-08-13 19:00:00,831.2019230769231
2019-08-13 20:00:00,832.5489387464387
2019-08-13 21:00:00,833.2541025641026
2019-08-13 22:00:00,834.4727065527065
2019-08-13 23:00:00,834.056801994302
2019-08-14 00:00:00,834.2792094017094
2019-08-14 01:00:00,836.4650770625567
2019-08-14 02:00:00,836.9866908431551
2019-08-14 03:00:00,837.3169446962829
2019-08-14 04:00:00,837.466554850408
2019-08-14 05:00:00,837.9411604714415
2019-08-14 06:00:00,838.4672257479601
2019-08-14 07:00:00,838.6414505893019
2019-08-14 08:00:00,834.6943427017226
2019-08-14 09:00:00,827.2986324786325
2019-08-14 10:00:00,820.5137535612536
2019-08-14 11:00:00,813.5354487179487
2019-08-14 12:00:00,812.1448575498575
2019-08-14 13:00:00,813.2393518518519
2019-08-14 14:00:00,805.0906054131054
2019-08-14 15:00:00,809.1295797720798
2019-08-14 16:00:00,813.7496794871795
2019-08-14 17:00:00,819.9086894586894
2019-08-14 18:00:00,825.7287678062678
2019-08-14 19:00:00,830.30900997151
2019-08-14 20:00:00,831.541160968661
2019-08-14 21:00:00,832.7033404558405
2019-08-14 22:00:00,833.8525783475784
2019-08-14 23:00:00,834.6034829059829
2019-08-15 00:00:00,835.3468732193733
2019-08-15 01:00:00,835.1162635379061
2019-08-15 02:00:00,836.0170262919311
2019-08-15 03:00:00,837.5080507706256
2019-08-15 04:00:00,838.6801178603807
2019-08-15 05:00:00,839.3644605621033
2019-08-15 06:00:00,839.8913236627379
2019-08-15 07:00:00,840.3412748538012
2019-08-15 08:00:00,836.1960772833723
2019-08-15 09:00:00,828.5983463203463
2019-08-15 10:00:00,818.9760915492958
2019-08-15 11:00:00,817.2828239202657
2019-08-15 12:00:00,811.465707641196
2019-08-15 13:00:00,810.1770830564784
2019-08-15 14:00:00,806.6800930232558
2019-08-15 15:00:00,803.8116544850499
2019-08-15 16:00:00,805.5107973421927
2019-08-15 17:00:00,813.4182325581395
2019-08-15 18:00:00,826.5592225913621
2019-08-15 19:00:00,831.8848438538206
2019-08-15 20:00:00,832.4623122923588
2019-08-15 21:00:00,832.8857408637874
2019-08-15 22:00:00,833.3015083056479
2019-08-15 23:00:00,835.4363521594685
2019-08-16 00:00:00,836.3797009966777
2019-08-16 01:00:00,836.7921528239202
2019-08-16 02:00:00,837.482
2019-08-16 03:00:00,837.8319019933555
2019-08-16 04:00:00,838.4767275747508
2019-08-16 05:00:00,839.4175797579758
2019-08-16 06:00:00,840.0341971207088
2019-08-16 07:00:00,837.8007419712071
2019-08-16 08:00:00,834.4298796498906
2019-08-16 09:00:00,831.9392358803987
2019-08-16 10:00:00,821.5632823920266
2019-08-16 11:00:00,815.9802059800664
2019-08-16 12:00:00,812.5133687707641
2019-08-16 13:00:00,812.0382790697674
2019-08-16 14:00:00,812.5952159468438
2019-08-16 15:00:00,810.5777740863788
2019-08-16 16:00:00,814.9438803986711
2019-08-16 17:00:00,815.4576877076412
2019-08-16 18:00:00,820.1486644518272
2019-08-16 19:00:00,830.603607973422
2019-08-16 20:00:00,833.9424784053156
2019-08-16 21:00:00,835.5787508305648
2019-08-16 22:00:00,836.6814352159469
2019-08-16 23:00:00,837.3674522821577
2019-08-17 00:00:00,837.5324086378738
2019-08-17 01:00:00,837.4780897009966
2019-08-17 02:00:00,837.2368536853685
2019-08-17 03:00:00,837.2394905869324
2019-08-17 04:00:00,837.5109856035438
2019-08-17 05:00:00,836.1565448504983
2019-08-17 06:00:00,838.5677187153931
2019-08-17 07:00:00,838.1730786267996
2019-08-17 08:00:00,835.6055176211454
2019-08-17 09:00:00,827.050415282392
2019-08-17 10:00:00,817.6359667774086
2019-08-17 11:00:00,810.4065891472868
2019-08-17 12:00:00,810.5585049833887
2019-08-17 13:00:00,806.6771960132891
2019-08-17 14:00:00,813.6715199335548
2019-08-17 15:00:00,810.4001617250674
2019-08-17 16:00:00,802.5855458221024
2019-08-17 17:00:00,806.344063342318
2019-08-17 18:00:00,819.9820013477089
2019-08-17 19:00:00,824.2906266846361
2019-08-17 20:00:00,827.7447506738545
2019-08-17 21:00:00,829.4536253369272
2019-08-17 22:00:00,829.8880795148248
2019-08-17 23:00:00,830.4118867924528
2019-08-18 00:00:00,830.5193396226415
2019-08-18 01:00:00,832.3936388140162
2019-08-18 02:00:00,832.9355536770921
2019-08-18 03:00:00,832.9809638554217
2019-08-18 04:00:00,833.9581173864894
2019-08-18 05:00:00,833.1409413067553
2019-08-18 06:00:00,833.2833665559247
2019-08-18 07:00:00,834.1805315614617
2019-08-18 08:00:00,829.2317841409691
2019-08-18 09:00:00,826.3595348837209
2019-08-18 10:00:00,818.3339867109635
2019-08-18 11:00:00,813.8813355481727
2019-08-18 12:00:00,812.2496212624585
2019-08-18 13:00:00,815.9051096345515
2019-08-18 14:00:00,811.7785315614618
2019-08-18 15:00:00,811.4282392026578
2019-08-18 16:00:00,820.9011362126246
2019-08-18 17:00:00,828.2231157024794
2019-08-18 18:00:00,830.5112541254125
2019-08-18 19:00:00,830.5722899505766
2019-08-18 20:00:00,830.7629235880398
2019-08-18 21:00:00,831.2521594684385
2019-08-18 22:00:00,832.0220431893688
2019-08-18 23:00:00,832.2297394136808
2019-08-19 00:00:00,832.0626910299003
2019-08-19 01:00:00,833.5356478405315
2019-08-19 02:00:00,833.6702657807309
2019-08-19 03:00:00,833.395415282392
2019-08-19 04:00:00,833.6945514950166
2019-08-19 05:00:00,833.9526578073089
2019-08-19 06:00:00,835.1029568106312
2019-08-19 07:00:00,835.5501328903655
2019-08-19 08:00:00,830.5485993485343
2019-08-19 09:00:00,828.0024013157895
2019-08-19 10:00:00,818.2619435215947
2019-08-19 11:00:00,818.156146179402
2019-08-19 12:00:00,810.2896926910299
2019-08-19 13:00:00,810.3254263565891
2019-08-19 14:00:00,814.2146511627907
2019-08-19 15:00:00,814.3934956637759
2019-08-19 16:00:00,805.4962774725275
2019-08-19 17:00:00,815.8956387362638
2019-08-19 18:00:00,823.5368681318681
2019-08-19 19:00:00,830.7560508241759
2019-08-19 20:00:00,833.8936277056278
2019-08-19 21:00:00,835.4424935064935
2019-08-19 22:00:00,836.0062171052632
2019-08-19 23:00:00,836.0540522875817
2019-08-20 00:00:00,835.4299335548172
2019-08-20 01:00:00,835.4221262458472
2019-08-20 02:00:00,835.1068106312292
2019-08-20 03:00:00,835.3622591362126
2019-08-20 04:00:00,835.5553156146179
2019-08-20 05:00:00,835.4677076411961
2019-08-20 06:00:00,837.2520598006645
2019-08-20 07:00:00,838.8590365448505
2019-08-20 08:00:00,835.0170588235294
2019-08-20 09:00:00,824.6678405315614
2019-08-20 10:00:00,818.5837126245847
2019-08-20 11:00:00,811.265315614618
2019-08-20 12:00:00,806.4301495016612
2019-08-20 13:00:00,809.158380398671
2019-08-20 14:00:00,807.398073089701
2019-08-20 15:00:00,803.5472009966777
2019-08-20 16:00:00,806.9404186046512
2019-08-20 17:00:00,815.2073222591362
2019-08-20 18:00:00,821.6851295681063
2019-08-20 19:00:00,829.072438538206
2019-08-20 20:00:00,831.7619800664452
2019-08-20 21:00:00,832.5831495016612
2019-08-20 22:00:00,831.180438538206
2019-08-20 23:00:00,831.0549235880399
2019-08-21 00:00:00,832.750950166113
2019-08-21 01:00:00,835.4055016611296
2019-08-21 02:00:00,835.7735149501661
2019-08-21 03:00:00,836.1768106312293
2019-08-21 04:00:00,837.2201156069364
2019-08-21 05:00:00,838.1894299674267
2019-08-21 06:00:00,839.6062790697674
2019-08-21 07:00:00,839.4222259136212
2019-08-21 08:00:00,835.6958957654723
2019-08-21 09:00:00,827.763648208469
2019-08-21 10:00:00,820.4628073089701
2019-08-21 11:00:00,817.4715894039736
2019-08-21 12:00:00,812.1543875685558
2019-08-21 13:00:00,811.1330660377358
2019-08-21 14:00:00,806.0088561320755
2019-08-21 15:00:00,812.0362617924528
2019-08-21 16:00:00,803.1170283018868
2019-08-21 17:00:00,816.7584433962264
2019-08-21 18:00:00,821.6269746376812
2019-08-21 19:00:00,828.2231
2019-08-21 20:00:00,831.6315894868586
2019-08-21 21:00:00,832.9719399249061
2019-08-21 22:00:00,834.9378090909091
2019-08-21 23:00:00,834.593509090909
2019-08-22 00:00:00,835.5171363636364
2019-08-22 01:00:00,835.9851090909091
2019-08-22 02:00:00,836.1420272727273
2019-08-22 03:00:00,836.5251925465839
2019-08-22 04:00:00,837.108092369478
2019-08-22 05:00:00,837.5769076305221
2019-08-22 06:00:00,838.0627108433735
2019-08-22 07:00:00,839.2087751004016
2019-08-22 08:00:00,834.3926744186047
2019-08-22 09:00:00,827.0332429245283
2019-08-22 10:00:00,817.3896692776327
2019-08-22 11:00:00,810.9244908616188
2019-08-22 12:00:00,806.208363794604
2019-08-22 13:00:00,819.0766827586207
2019-08-22 14:00:00,816.1924344827586
2019-08-22 15:00:00,816.1308896551724
2019-08-22 16:00:00,818.9874896551725
2019-08-22 17:00:00,821.4731517241379
2019-08-22 18:00:00,821.9238551724138
2019-08-22 19:00:00,824.9005586206897
2019-08-22 20:00:00,826.0583103448275
2019-08-22 21:00:00,826.6824758620689
2019-08-22 22:00:00,827.6723931034483
2019-08-22 23:00:00,828.3619655172414
2019-08-23 00:00:00,827.4385552654483
2019-08-23 01:00:00,824.9904952830188
2019-08-23 02:00:00,825.0234787735849
2019-08-23 03:00:00,825.1408490566038
2019-08-23 04:00:00,825.5612382075471
2019-08-23 05:00:00,805.5835922330098
2019-08-23 06:00:00,804.6660465116279
2019-08-23 07:00:00,805.2363455149501
2019-08-23 08:00:00,813.9031893687708
2019-08-23 09:00:00,829.9102973568282
2019-08-23 10:00:00,832.5125249169436
2019-08-23 11:00:00,857.9134219269102
2019-08-23 12:00:00,846.7636877076412
2019-08-23 13:00:00,852.3132225913621
2019-08-23 14:00:00,847.4803654485049
2019-08-23 15:00:00,837.2635548172758
2019-08-23 17:00:00,825.3407392026578
2019-08-23 18:00:00,825.0245099667774
2019-08-23 19:00:00,825.8239036544851
2019-08-23 20:00:00,826.9667358803987
2019-08-23 21:00:00,827.7535215946843
2019-08-23 22:00:00,828.5629900332226
2019-08-23 23:00:00,828.9900664451827
2019-08-24 00:00:00,828.8794435215947
2019-08-24 01:00:00,828.9508970099668
2019-08-24 02:00:00,828.6890199335548
2019-08-24 03:00:00,829.1154568106313
2019-08-24 04:00:00,826.5172646733112
2019-08-24 05:00:00,826.8766666666667
2019-08-24 06:00:00,821.8725328947369
2019-08-24 07:00:00,804.4454966887417
2019-08-24 08:00:00,812.3114617940199
2019-08-24 09:00:00,828.7316079295155
2019-08-24 10:00:00,828.0595570321152
2019-08-24 11:00:00,822.8940398671097
2019-08-24 12:00:00,820.9001395348837
2019-08-24 13:00:00,818.3251893687708
2019-08-24 14:00:00,816.9196544850498
2019-08-24 15:00:00,817.2260863787376
2019-08-24 16:00:00,821.7088837209302
2019-08-24 17:00:00,822.8289036544851
2019-08-24 18:00:00,822.9740066445182
2019-08-24 19:00:00,825.4116943521594
2019-08-24 20:00:00,827.2900398671096
2019-08-24 21:00:00,827.9315415282392
2019-08-24 22:00:00,829.09053820598
2019-08-24 23:00:00,829.5357408637874
2019-08-25 00:00:00,829.8479003322259
2019-08-25 01:00:00,829.8358139534884
2019-08-25 02:00:00,825.3241144114412
2019-08-25 03:00:00,819.5563382594418
2019-08-25 04:00:00,819.4331893687707
2019-08-25 05:00:00,819.6673089700996
2019-08-25 06:00:00,820.5636212624585
2019-08-25 07:00:00,820.7373754152824
2019-08-25 08:00:00,822.7021452145215
2019-08-25 09:00:00,828.0643936877076
2019-08-25 10:00:00,823.8896411960133
2019-08-25 11:00:00,822.4749435215947
2019-08-25 12:00:00,820.4744186046512
2019-08-25 13:00:00,819.0935747508306
2019-08-25 14:00:00,816.1336744186046
2019-08-25 15:00:00,810.6053222591362
2019-08-25 16:00:00,811.1396146179402
2019-08-25 17:00:00,816.6120797342193
2019-08-25 18:00:00,817.487681063123
2019-08-25 19:00:00,823.709607973422
2019-08-25 20:00:00,825.4715083056478
2019-08-25 21:00:00,826.6279202657807
2019-08-25 22:00:00,827.6364916943521
2019-08-25 23:00:00,827.9919534883721
2019-08-26 00:00:00,828.3128837209302
2019-08-26 01:00:00,828.3347043189369
2019-08-26 02:00:00,828.4069302325581
2019-08-26 03:00:00,826.8375664451827
2019-08-26 04:00:00,827.2122259136213
2019-08-26 05:00:00,824.6439756367663
2019-08-26 06:00:00,825.2085714285714
2019-08-26 07:00:00,818.7610631229236
2019-08-26 08:00:00,820.6302823920266
2019-08-26 09:00:00,827.3419047619047
2019-08-26 10:00:00,825.1859579180509
2019-08-26 11:00:00,813.5769102990033
2019-08-26 12:00:00,819.6321677740864
2019-08-26 13:00:00,817.2466611295681
2019-08-26 14:00:00,815.2737209302326
2019-08-26 15:00:00,811.8486710963455
2019-08-26 16:00:00,809.9823837209302
2019-08-26 17:00:00,817.4353073089701
2019-08-26 18:00:00,818.0007890365448
2019-08-26 19:00:00,820.838122923588
2019-08-26 20:00:00,822.7012375415283
2019-08-26 21:00:00,823.8850083056478
2019-08-26 22:00:00,824.8116943521595
2019-08-26 23:00:00,825.5349418604651
2019-08-27 00:00:00,825.8391528239202
2019-08-27 01:00:00,825.9850249169435
2019-08-27 02:00:00,825.5315663716814
2019-08-27 03:00:00,826.3858471760798
2019-08-27 04:00:00,827.0060382059801
2019-08-27 05:00:00,824.1844884488448
2019-08-27 06:00:00,824.6522812846068
2019-08-27 07:00:00,825.1060465116279
2019-08-27 08:00:00,825.1830786267996
2019-08-27 09:00:00,826.3954651162791
2019-08-27 10:00:00,821.3828488372093
2019-08-27 11:00:00,819.4056893687707
2019-08-27 12:00:00,818.5355897009966
2019-08-27 13:00:00,815.8166362126245
2019-08-27 14:00:00,813.7999916943521
2019-08-27 15:00:00,811.9469684385382
2019-08-27 16:00:00,808.964061461794
2019-08-27 17:00:00,816.4958970099668
2019-08-27 18:00:00,821.0532142857143
2019-08-27 19:00:00,831.4976411960133
2019-08-27 20:00:00,832.4506644518273
2019-08-27 21:00:00,834.0429900332226
2019-08-27 22:00:00,832.9905315614618
2019-08-27 23:00:00,833.3444186046512
2019-08-28 00:00:00,835.377342192691
2019-08-28 01:00:00,836.3740199335548
2019-08-28 02:00:00,836.9458803986711
2019-08-28 03:00:00,834.8033222591362
2019-08-28 04:00:00,837.0018272425249
2019-08-28 05:00:00,838.6248172757475
2019-08-28 06:00:00,839.2651827242524
2019-08-28 07:00:00,839.3939867109634
2019-08-28 08:00:00,835.6149169435216
2019-08-28 09:00:00,826.7593023255814
2019-08-28 10:00:00,818.1021594684386
2019-08-28 11:00:00,817.6119933554817
2019-08-28 12:00:00,820.4650564784054
2019-08-28 13:00:00,822.0183056478405
2019-08-28 14:00:00,819.2449833887043
2019-08-28 15:00:00,802.5373200442967
2019-08-28 16:00:00,815.2024003322259
2019-08-28 17:00:00,818.4481893687707
2019-08-28 18:00:00,813.1216777408638
2019-08-28 19:00:00,820.8799169435216
2019-08-28 20:00:00,822.5740448504984
2019-08-28 21:00:00,823.987084717608
2019-08-28 22:00:00,824.9851827242525
2019-08-28 23:00:00,825.7398089700997
2019-08-29 00:00:00,825.4652906976744
2019-08-29 01:00:00,822.6621405049397
2019-08-29 02:00:00,822.306057585825
2019-08-29 03:00:00,822.3504429678849
2019-08-29 04:00:00,822.3429789590255
2019-08-29 05:00:00,817.3178571428572
2019-08-29 06:00:00,817.372707641196
2019-08-29 07:00:00,817.7221096345515
2019-08-29 08:00:00,821.9020265780731
2019-08-29 09:00:00,822.3604983388705
2019-08-29 10:00:00,819.4064867109635
2019-08-29 11:00:00,823.4255260243632
2019-08-29 12:00:00,820.2279568106312
2019-08-29 13:00:00,817.7610099667775
2019-08-29 14:00:00,819.4026411960133
2019-08-29 15:00:00,816.9546096345515
2019-08-29 16:00:00,823.9886378737541
2019-08-29 17:00:00,824.0754900332225
2019-08-29 18:00:00,824.6841029900332
2019-08-29 19:00:00,826.0000863787376
2019-08-29 20:00:00,826.9350099667774
2019-08-29 21:00:00,822.7025802879291
2019-08-29 22:00:00,823.6919712070875
2019-08-29 23:00:00,817.9035303776683
2019-08-30 00:00:00,817.485880398671
2019-08-30 01:00:00,817.1294019933555
2019-08-30 02:00:00,816.5078737541528
2019-08-30 03:00:00,816.6120431893688
2019-08-30 04:00:00,816.5332059800664
2019-08-30 05:00:00,816.8934385382059
2019-08-30 06:00:00,816.716096345515
2019-08-30 07:00:00,817.1798338870432
2019-08-30 08:00:00,819.6997508305648
2019-08-30 09:00:00,822.3303156146179
2019-08-30 10:00:00,826.3023448275862
2019-08-30 11:00:00,826.0480355920603
2019-08-30 12:00:00,813.0781024447032
2019-08-30 13:00:00,812.6754714784634
2019-08-30 14:00:00,805.0449501661129
2019-08-30 15:00:00,802.7249252491695
2019-08-30 16:00:00,805.5098504983389
2019-08-30 17:00:00,806.8438953488372
2019-08-30 18:00:00,820.1566029900332
2019-08-30 19:00:00,826.6029069767442
2019-08-30 20:00:00,828.2763953488372
2019-08-30 21:00:00,828.7791279069768
2019-08-30 22:00:00,829.2704318936877
2019-08-30 23:00:00,830.0812707641196
2019-08-31 00:00:00,830.3383406593407
2019-08-31 01:00:00,831.7649612403101
2019-08-31 02:00:00,831.3629235880398
2019-08-31 03:00:00,831.3711129568106
2019-08-31 04:00:00,831.5010714285714
2019-08-31 05:00:00,832.0858139534884
2019-08-31 06:00:00,834.0927906976744
2019-08-31 07:00:00,834.3050830564785
2019-08-31 08:00:00,832.2439867109634
2019-08-31 09:00:00,823.7946677740864
2019-08-31 10:00:00,814.8498671096346
2019-08-31 11:00:00,807.1413205980067
2019-08-31 12:00:00,807.3606146179402
2019-08-31 13:00:00,808.336303986711
2019-08-31 14:00:00,803.5903156146179
2019-08-31 15:00:00,806.2677740863787
2019-08-31 16:00:00,801.5846760797342
2019-08-31 17:00:00,824.0494601328903
2019-08-31 18:00:00,828.0886544850498
2019-08-31 19:00:00,829.0930066445183
2019-08-31 20:00:00,829.677084717608
2019-08-31 21:00:00,830.2302242524917
2019-08-31 22:00:00,830.7510382059801
2019-08-31 23:00:00,830.7196179401993
2019-09-01 00:00:00,830.6460132890365
2019-09-01 01:00:00,830.6371926910299
2019-09-01 02:00:00,830.7844850498338
2019-09-01 03:00:00,830.4152325581396
2019-09-01 04:00:00,831.1631893687708
2019-09-01 05:00:00,831.3497009966777
2019-09-01 06:00:00,831.0286710963455
2019-09-01 07:00:00,831.7939867109635
2019-09-01 08:00:00,829.1256146179402
2019-09-01 09:00:00,822.0350220264318
2019-09-01 10:00:00,815.129911406423
2019-09-01 11:00:00,809.88926910299
2019-09-01 12:00:00,806.8433139534884
2019-09-01 13:00:00,806.3385382059801
2019-09-01 14:00:00,804.1294186046512
2019-09-01 15:00:00,813.0321760797342
2019-09-01 16:00:00,821.2695514950166
2019-09-01 17:00:00,832.3583056478406
2019-09-01 18:00:00,831.5201578073089
2019-09-01 19:00:00,832.5577408637873
2019-09-01 20:00:00,833.7861710963455
2019-09-01 21:00:00,833.0751605758583
2019-09-01 22:00:00,833.7652325581396
2019-09-01 23:00:00,837.0207973421927
2019-09-02 00:00:00,837.2097342192691
2019-09-02 01:00:00,837.7474086378737
2019-09-02 02:00:00,837.3275083056478
2019-09-02 03:00:00,837.7015960912053
2019-09-02 04:00:00,836.958803986711
2019-09-02 05:00:00,836.5613289036545
2019-09-02 06:00:00,836.141196013289
2019-09-02 07:00:00,835.673023255814
2019-09-02 08:00:00,833.4478758169935
2019-09-02 09:00:00,825.5609856035437
2019-09-02 10:00:00,819.030415282392
2019-09-02 11:00:00,812.3844019933555
2019-09-02 12:00:00,809.4613787375415
2019-09-02 13:00:00,809.7081506090808
2019-09-02 14:00:00,814.5094435215947
2019-09-02 15:00:00,816.2574252491694
2019-09-02 16:00:00,820.2584551495016
2019-09-02 17:00:00,819.1406478405315
2019-09-02 18:00:00,821.2495348837209
2019-09-02 19:00:00,822.1167857142857
2019-09-02 20:00:00,822.8119684385382
2019-09-02 21:00:00,823.0793023255814
2019-09-02 22:00:00,823.58400332225915
2019-09-02 23:00:00,824.3207392026578
2019-09-03 00:00:00,824.5626744186046
2019-09-03 01:00:00,821.4543344334434
2019-09-03 02:00:00,815.0175822368421
2019-09-03 03:00:00,814.7879900332226
2019-09-03 04:00:00,815.0570598006644
2019-09-03 05:00:00,815.3091528239203
2019-09-03 06:00:00,815.6389700996677
2019-09-03 07:00:00,816.100780730897
2019-09-03 08:00:00,819.1433720930232
2019-09-03 09:00:00,823.6364950166113
2019-09-03 10:00:00,821.8182059800664
2019-09-03 11:00:00,821.6394435215947
2019-09-03 12:00:00,821.3297176079734
2019-09-03 13:00:00,817.1249368770764
2019-09-03 14:00:00,813.1459601328903
2019-09-03 15:00:00,809.7961926910299
2019-09-03 16:00:00,817.8464916943522
2019-09-03 17:00:00,814.96580730897
2019-09-03 18:00:00,815.2516544850498
2019-09-03 19:00:00,820.6473222591362
2019-09-03 20:00:00,822.2068438538206
2019-09-03 21:00:00,823.3189833887043
2019-09-03 22:00:00,824.2356478405316
2019-09-03 23:00:00,825.4626378737541
2019-09-04 00:00:00,825.1470830564784
2019-09-04 01:00:00,825.4650099667774
2019-09-04 02:00:00,825.9154285714286
2019-09-04 03:00:00,824.1884551495017
2019-09-04 04:00:00,824.4464617940199
2019-09-04 05:00:00,820.9061904761904
2019-09-04 06:00:00,821.604396456257
2019-09-04 07:00:00,822.2140863787375
2019-09-04 08:00:00,823.239811738649
2019-09-04 09:00:00,823.5173222591362
2019-09-04 10:00:00,821.0449280177187
2019-09-04 11:00:00,811.1124031007752
2019-09-04 12:00:00,817.4438338870432
2019-09-04 13:00:00,814.8887774086379
2019-09-04 14:00:00,812.4149568106312
2019-09-04 15:00:00,808.2670166112957
2019-09-04 16:00:00,807.7080664451827
2019-09-04 17:00:00,808.9247242524917
2019-09-04 18:00:00,812.9435681063123
2019-09-04 19:00:00,819.7082591362126
2019-09-04 20:00:00,822.4393554817276
2019-09-04 21:00:00,823.8321129568106
2019-09-04 22:00:00,824.8279401993356
2019-09-04 23:00:00,825.4782059800665
2019-09-05 00:00:00,825.4508704318937
2019-09-05 01:00:00,825.3778006644518
2019-09-05 02:00:00,825.1864850498339
2019-09-05 03:00:00,825.3452093023255
2019-09-05 04:00:00,825.8785647840532
2019-09-05 05:00:00,824.2604651162791
2019-09-05 06:00:00,813.2516123778502
2019-09-05 07:00:00,813.5591196013289
2019-09-05 08:00:00,816.3099673202614
2019-09-05 09:00:00,821.9326467331118
2019-09-05 10:00:00,823.2260199335548
2019-09-05 11:00:00,819.839707641196
2019-09-05 12:00:00,816.9211960132891
2019-09-05 13:00:00,814.5835813953488
2019-09-05 14:00:00,811.6872757475084
2019-09-05 15:00:00,807.9133887043189
2019-09-05 16:00:00,807.0624518272425
2019-09-05 17:00:00,809.0194219269104
2019-09-05 18:00:00,817.4012119205298
2019-09-05 19:00:00,822.612749003984
2019-09-05 20:00:00,824.412094479226
2019-09-05 21:00:00,825.3640865110984
2019-09-05 22:00:00,826.396186681844
2019-09-05 23:00:00,827.1285998861696
2019-09-06 00:00:00,819.2565410958904
2019-09-06 01:00:00,818.7836533957845
2019-09-06 02:00:00,818.8892857142857
2019-09-06 03:00:00,819.0687470725995
2019-09-06 04:00:00,819.4060772833724
2019-09-06 05:00:00,819.8881733021077
2019-09-06 06:00:00,820.4712529274004
2019-09-06 07:00:00,821.0040163934426
2019-09-06 08:00:00,826.4919436813187
2019-09-06 09:00:00,823.0847979510529
2019-09-06 10:00:00,818.5566777408637
2019-09-06 11:00:00,820.9793133997786
2019-09-06 12:00:00,817.2136877076412
2019-09-06 13:00:00,816.1946843853821
2019-09-06 14:00:00,813.2876279069767
2019-09-06 15:00:00,808.7241129568106
2019-09-06 16:00:00,812.4024584717608
2019-09-06 17:00:00,814.7694219269104
2019-09-06 18:00:00,817.5617475083056
2019-09-06 19:00:00,821.4782657807309
2019-09-06 20:00:00,823.1934418604651
2019-09-06 21:00:00,823.1385448504983
2019-09-06 22:00:00,823.3411495016611
2019-09-06 23:00:00,823.6016146179402
2019-09-07 00:00:00,824.3713687707641
2019-09-07 01:00:00,824.430877076412
2019-09-07 02:00:00,822.7889626556016
2019-09-07 03:00:00,819.5087444933921
2019-09-07 04:00:00,812.3461129568107
2019-09-07 05:00:00,812.8448504983388
2019-09-07 06:00:00,812.7638870431894
2019-09-07 07:00:00,813.4176079734219
2019-09-07 08:00:00,816.4131395348837
2019-09-07 09:00:00,820.9749008810572
2019-09-07 10:00:00,820.5919352159468
2019-09-07 11:00:00,818.2667574750831
2019-09-07 12:00:00,816.2416744186047
2019-09-07 13:00:00,814.5145382059801
2019-09-07 14:00:00,811.8442126245848
2019-09-07 15:00:00,816.1498205980066
2019-09-07 16:00:00,816.4908571428572
2019-09-07 17:00:00,819.560757475083
2019-09-07 18:00:00,821.8558471760797
2019-09-07 19:00:00,823.7922923588039
2019-09-07 20:00:00,824.7250099667774
2019-09-07 21:00:00,825.2495083056479
2019-09-07 22:00:00,825.5709833887043
2019-09-07 23:00:00,823.769843104872
2019-09-08 00:00:00,823.6111295681063
2019-09-08 01:00:00,823.6003488372093
2019-09-08 02:00:00,820.2253820598007
2019-09-08 03:00:00,820.4586821705426
2019-09-08 04:00:00,820.6141638981173
2019-09-08 05:00:00,820.8384717607973
2019-09-08 06:00:00,821.4775193798449
2019-09-08 07:00:00,813.9055427631579
2019-09-08 08:00:00,822.4649169435216
2019-09-08 09:00:00,825.2492159468438
2019-09-08 10:00:00,822.6787973421926
2019-09-08 11:00:00,822.136219269103
2019-09-08 12:00:00,820.3692691029901
2019-09-08 13:00:00,819.4790166112957
2019-09-08 14:00:00,816.3084634551495
2019-09-08 15:00:00,812.8956611295681
2019-09-08 16:00:00,811.6270697674419
2019-09-08 17:00:00,815.9244318936877
2019-09-08 18:00:00,820.3087242524917
2019-09-08 19:00:00,824.0043986710964
2019-09-08 20:00:00,825.3141993355482
2019-09-08 21:00:00,823.4990365448505
2019-09-08 22:00:00,823.9756395348837
2019-09-08 23:00:00,820.2974972314507
2019-09-09 00:00:00,811.7934375
2019-09-09 01:00:00,811.277973421927
2019-09-09 02:00:00,786.3049675324676
2019-09-09 03:00:00,785.0134551495016
2019-09-09 04:00:00,785.227342192691
2019-09-09 08:00:00,836.2142857142857
2019-09-09 09:00:00,822.2316057585825
2019-09-09 10:00:00,823.1498803986711
2019-09-09 11:00:00,818.1696544850498
2019-09-09 12:00:00,815.6786777408638
2019-09-09 13:00:00,809.5584717607974
2019-09-09 14:00:00,814.7257918050941
2019-09-09 15:00:00,813.5533488372093
2019-09-09 16:00:00,808.5090564784053
2019-09-09 17:00:00,813.6889435215946
2019-09-09 18:00:00,817.0225448504983
2019-09-09 19:00:00,820.4818870431893
2019-09-09 20:00:00,821.5104186046511
2019-09-09 21:00:00,823.3732823920266
2019-09-09 22:00:00,824.1358139534884
2019-09-09 23:00:00,824.8578936877076
2019-09-10 00:00:00,825.1250299003323
2019-09-10 01:00:00,818.8592004381161
2019-09-10 02:00:00,818.6183942414175
2019-09-10 03:00:00,810.6016086235489
2019-09-10 04:00:00,810.7570431893688
2019-09-10 05:00:00,811.1044850498339
2019-09-10 06:00:00,838.326
2019-09-10 09:00:00,824.1417601760176
2019-09-10 10:00:00,819.0259136212625
2019-09-10 11:00:00,816.6779401993356
2019-09-10 12:00:00,813.6414019933554
2019-09-10 13:00:00,814.0845049833887
2019-09-10 14:00:00,810.341634551495
2019-09-10 15:00:00,808.7601395348837
2019-09-10 16:00:00,809.7419534883721
2019-09-10 17:00:00,816.652657807309
2019-09-10 18:00:00,818.1289235880399
2019-09-10 19:00:00,820.6684451827242
2019-09-10 20:00:00,822.6582591362127
2019-09-10 21:00:00,824.6787043189369
2019-09-10 22:00:00,826.0066910299004
2019-09-10 23:00:00,827.0761063122924
2019-09-11 00:00:00,827.3049302325581
2019-09-11 01:00:00,827.4214684385382
2019-09-11 02:00:00,823.7265702479339
2019-09-11 03:00:00,785.7424137931034
2019-09-11 04:00:00,781.2433333333333
2019-09-11 08:00:00,833.2421163166398
2019-09-11 09:00:00,829.781146179402
2019-09-11 10:00:00,820.7686932447398
2019-09-11 11:00:00,813.3001495016612
2019-09-11 12:00:00,817.6243438538206
2019-09-11 13:00:00,818.779723145072
2019-09-11 14:00:00,811.2357142857143
2019-09-11 15:00:00,818.3964867109635
2019-09-11 16:00:00,819.7431561461794
2019-09-11 17:00:00,820.9951744186046
2019-09-11 18:00:00,828.3703543743079
2019-09-11 19:00:00,828.5402325581396
2019-09-11 20:00:00,835.4839091915836
2019-09-11 21:00:00,824.7383471760797
2019-09-11 22:00:00,820.9953575357536
2019-09-11 23:00:00,813.6271096345515
2019-09-12 00:00:00,812.6172757475083
2019-09-12 01:00:00,813.2059800664451
2019-09-12 02:00:00,813.0800996677741
2019-09-12 03:00:00,813.1441029900333
2019-09-12 04:00:00,812.9382225913621
2019-09-12 05:00:00,787.2835215946844
2019-09-12 06:00:00,787.3474086378737
2019-09-12 08:00:00,834.5413621262459
2019-09-12 09:00:00,829.2111794019934
2019-09-12 10:00:00,822.2636877076412
2019-09-12 11:00:00,821.3854651162791
2019-09-12 12:00:00,817.9109700996678
2019-09-12 13:00:00,816.8613554817276
2019-09-12 14:00:00,812.8566312292359
2019-09-12 15:00:00,814.3189435215946
2019-09-12 16:00:00,822.4896146179402
2019-09-12 17:00:00,820.5777607973422
2019-09-12 18:00:00,817.5561794019934
2019-09-12 19:00:00,822.2172093023256
2019-09-12 20:00:00,824.0867906976745
2019-09-12 21:00:00,825.7666644518273
2019-09-12 22:00:00,826.0167973421927
2019-09-12 23:00:00,826.7924717607973
2019-09-13 00:00:00,827.2045249169436
2019-09-13 01:00:00,827.3760863787376
2019-09-13 02:00:00,827.0385913621262
2019-09-13 03:00:00,820.6195704845815
2019-09-13 04:00:00,820.2201107419712
2019-09-13 05:00:00,821.067165005537
2019-09-13 06:00:00,821.0895570321152
2019-09-13 07:00:00,821.4666666666667
2019-09-13 08:00:00,821.7958507135016
2019-09-13 09:00:00,821.0272840531561
2019-09-13 10:00:00,819.5173089700996
2019-09-13 11:00:00,820.1972093023256
2019-09-13 12:00:00,808.8525747508305
2019-09-13 13:00:00,816.3508471760797
2019-09-13 14:00:00,810.3300110741972
2019-09-13 15:00:00,806.9158471760798
2019-09-13 16:00:00,808.8350664451827
2019-09-13 17:00:00,806.6540531561461
2019-09-13 18:00:00,812.9933111849391
2019-09-13 19:00:00,820.7742801771872
2019-09-13 20:00:00,822.944772978959
2019-09-13 21:00:00,824.4517331118494
2019-09-13 22:00:00,825.1132945736434
2019-09-13 23:00:00,825.6384053156146
2019-09-14 00:00:00,826.0904761904762
2019-09-14 01:00:00,826.3697286821705
2019-09-14 02:00:00,827.2546234772979
2019-09-14 03:00:00,827.6497120708749
2019-09-14 04:00:00,826.5791672174488
2019-09-14 05:00:00,826.881561461794
2019-09-14 06:00:00,827.1747508305648
2019-09-14 07:00:00,827.5587043189369
2019-09-14 08:00:00,825.4961217736599
2019-09-14 09:00:00,820.1555417700579
2019-09-14 10:00:00,817.0291638981174
2019-09-14 11:00:00,813.7963842746401
2019-09-14 12:00:00,812.4940088593577
2019-09-14 13:00:00,810.3874031007751
2019-09-14 14:00:00,807.9135215946844
2019-09-14 15:00:00,810.2033831672204
2019-09-14 16:00:00,809.0073820598006
2019-09-14 17:00:00,808.5917441860465
2019-09-14 18:00:00,816.3041029900332
2019-09-14 19:00:00,819.6381173864895
2019-09-14 20:00:00,820.84069213732
2019-09-14 21:00:00,821.9211129568106
2019-09-14 22:00:00,825.5606644518273
2019-09-14 23:00:00,826.544219269103
2019-09-15 00:00:00,826.4984219269103
2019-09-15 01:00:00,826.6596788482835
2019-09-15 02:00:00,826.7712735326688
2019-09-15 03:00:00,826.6794518272425
2019-09-15 04:00:00,827.7640531561461
2019-09-15 05:00:00,826.2014750830565
2019-09-15 06:00:00,823.9635206611571
2019-09-15 07:00:00,824.7898588039867
2019-09-15 08:00:00,823.2311157024793
2019-09-15 09:00:00,821.0446777408638
2019-09-15 10:00:00,817.9296622369878
2019-09-15 11:00:00,814.5317109634551
2019-09-15 12:00:00,812.1455204872647
2019-09-15 13:00:00,810.7665891472868
2019-09-15 14:00:00,810.0615836101882
2019-09-15 15:00:00,812.3495238095238
2019-09-15 16:00:00,814.586738648948
2019-09-15 17:00:00,809.6198837209303
2019-09-15 18:00:00,814.9212181616833
2019-09-15 19:00:00,820.2746511627907
2019-09-15 20:00:00,822.7079291251384
2019-09-15 21:00:00,824.4064119601329
2019-09-15 22:00:00,826.4155315614618
2019-09-15 23:00:00,826.2592967884829
2019-09-16 00:00:00,826.1572978959025
2019-09-16 01:00:00,824.6118725099601
2019-09-16 02:00:00,822.3383416252072
2019-09-16 03:00:00,822.514219269103
2019-09-16 04:00:00,823.1932308970099
2019-09-16 05:00:00,823.4393106312292
2019-09-16 06:00:00,823.8603322259136
2019-09-16 07:00:00,824.3315199335548
2019-09-16 08:00:00,822.4995514950166
2019-09-16 09:00:00,820.6923532668882
2019-09-16 10:00:00,817.1468106312292
2019-09-16 11:00:00,808.9762624584718
2019-09-16 12:00:00,817.635780730897
2019-09-16 13:00:00,811.8516362126246
2019-09-16 14:00:00,808.0611378737542
2019-09-16 15:00:00,809.894634551495
2019-09-16 16:00:00,809.655
2019-09-16 17:00:00,808.4287707641196
2019-09-16 18:00:00,812.5920681063122
2019-09-16 19:00:00,816.7100166112957
2019-09-16 20:00:00,817.9980897009967
2019-09-16 21:00:00,818.9537707641196
2019-09-16 22:00:00,819.5609136212624
2019-09-16 23:00:00,820.2769186046512
2019-09-17 00:00:00,820.7352906976744
2019-09-17 01:00:00,820.9706395348837
2019-09-17 02:00:00,821.5348920265781
2019-09-17 03:00:00,821.6199667774086
2019-09-17 04:00:00,822.1625
2019-09-17 05:00:00,818.168261351052
2019-09-17 06:00:00,818.7539091915836
2019-09-17 07:00:00,819.2545957918051
2019-09-17 08:00:00,818.5524363233666
2019-09-17 09:00:00,818.2180564784053
2019-09-17 10:00:00,817.6094684385382
2019-09-17 11:00:00,814.9729435215946
2019-09-17 12:00:00,813.0940398671096
2019-09-17 13:00:00,811.3585714285714
2019-09-17 14:00:00,807.6823189368771
2019-09-17 15:00:00,805.9083322259136
2019-09-17 16:00:00,803.7547508305648
2019-09-17 17:00:00,805.102172757475
2019-09-17 18:00:00,812.1906644518273
2019-09-17 19:00:00,817.5713421926911
2019-09-17 20:00:00,819.4051362126246
2019-09-17 21:00:00,820.6241993355482
2019-09-17 22:00:00,821.4652823920266
2019-09-17 23:00:00,822.4073820598006
2019-09-18 00:00:00,822.9766910299003
2019-09-18 01:00:00,823.0640664451827
2019-09-18 02:00:00,823.2171561461794
2019-09-18 03:00:00,823.8454418604651
2019-09-18 04:00:00,824.8099468438538
2019-09-18 05:00:00,825.8235083056478
2019-09-18 06:00:00,826.3679401993355
2019-09-18 07:00:00,827.1724584717608
2019-09-18 08:00:00,824.1007375415282
2019-09-18 09:00:00,819.6290166112957
2019-09-18 10:00:00,817.598181063123
2019-09-18 11:00:00,809.3513787375415
2019-09-18 12:00:00,813.8102906976744
2019-09-18 13:00:00,811.0000332225914
2019-09-18 14:00:00,809.7578006644518
2019-09-18 15:00:00,808.9857607973422
2019-09-18 16:00:00,809.1490764119601
2019-09-18 17:00:00,808.250146179402
2019-09-18 18:00:00,815.9264186046512
2019-09-18 19:00:00,820.472657807309
2019-09-18 20:00:00,821.8617142857142
2019-09-18 21:00:00,823.5530299003323
2019-09-18 22:00:00,824.4599401993355
2019-09-18 23:00:00,823.9328837209302
2019-09-19 00:00:00,823.9024850498339
2019-09-19 01:00:00,823.7546179401993
2019-09-19 02:00:00,824.0239468438539
2019-09-19 03:00:00,824.5273887043189
2019-09-19 04:00:00,825.0781594684386
2019-09-19 05:00:00,825.8787109634552
2019-09-19 06:00:00,823.8112727272727
2019-09-19 07:00:00,824.4310631229235
2019-09-19 08:00:00,824.0219734219269
2019-09-19 09:00:00,820.1720930232558
2019-09-19 10:00:00,817.6736212624585
2019-09-19 11:00:00,814.3088837209302
2019-09-19 12:00:00,811.9425780730897
2019-09-19 13:00:00,810.4350498338871
2019-09-19 14:00:00,807.3541262458472
2019-09-19 15:00:00,805.8699468438538
2019-09-19 16:00:00,805.7326445182724
2019-09-19 17:00:00,809.8249169435215
2019-09-19 18:00:00,815.1366976744187
2019-09-19 19:00:00,818.8917940199335
2019-09-19 20:00:00,820.5702524916943
2019-09-19 21:00:00,821.2878604651163
2019-09-19 22:00:00,822.4022392026578
2019-09-19 23:00:00,822.9298604651162
2019-09-20 00:00:00,823.2984584717608
2019-09-20 01:00:00,823.3211561461794
2019-09-20 02:00:00,823.4598803986711
2019-09-20 03:00:00,824.0932026578073
2019-09-20 04:00:00,824.3312425249169
2019-09-20 05:00:00,822.4524876033058
2019-09-20 06:00:00,823.1752740863787
2019-09-20 07:00:00,823.5573754152824
2019-09-20 08:00:00,821.2790116279069
2019-09-20 09:00:00,819.1532624584718
2019-09-20 10:00:00,816.9238205980066
2019-09-20 11:00:00,819.5364451827243
2019-09-20 12:00:00,810.6961904761905
2019-09-20 13:00:00,808.1942524916943
2019-09-20 14:00:00,808.3421816168328
2019-09-20 15:00:00,810.6663621262459
2019-09-20 16:00:00,806.5587984496124
2019-09-20 17:00:00,815.7785880398671
2019-09-20 18:00:00,817.2233444075305
2019-09-20 19:00:00,820.0341140642304
2019-09-20 20:00:00,822.3649723145072
2019-09-20 21:00:00,823.3004429678848
2019-09-20 22:00:00,824.2735160575859
2019-09-20 23:00:00,824.6007641196013
2019-09-21 00:00:00,824.922430786268
2019-09-21 01:00:00,824.8679235880398
2019-09-21 02:00:00,824.8954651162791
2019-09-21 03:00:00,821.076146179402
2019-09-21 04:00:00,821.8193936877076
2019-09-21 05:00:00,822.2191777408638
2019-09-21 06:00:00,822.5927408637874
2019-09-21 07:00:00,823.0760797342193
2019-09-21 08:00:00,820.6146013289036
2019-09-21 09:00:00,818.461838316722
2019-09-21 10:00:00,817.1913372093023
2019-09-21 11:00:00,810.8134053156147
2019-09-21 12:00:00,808.366788482835
2019-09-21 13:00:00,807.1257973421926
2019-09-21 14:00:00,802.7099612403101
2019-09-21 15:00:00,811.1990254706534
2019-09-21 16:00:00,805.0038815060908
2019-09-21 17:00:00,811.7798947951273
2019-09-21 18:00:00,816.2156533776301
2019-09-21 19:00:00,819.4350276854929
2019-09-21 20:00:00,820.8885326688815
2019-09-21 21:00:00,822.510503875969
2019-09-21 22:00:00,823.3176411960133
2019-09-21 23:00:00,823.9986157253599
2019-09-22 00:00:00,824.4012236987818
2019-09-22 01:00:00,824.4827519379845
2019-09-22 02:00:00,824.8785271317829
2019-09-22 03:00:00,825.4799058693245
2019-09-22 04:00:00,826.1891085271318
2019-09-22 05:00:00,826.9990531561461
2019-09-22 06:00:00,823.13609634551494
2019-09-22 07:00:00,823.6800996677741
2019-09-22 08:00:00,821.0438122923588
2019-09-22 09:00:00,819.1100996677741
2019-09-22 10:00:00,815.301976744186
2019-09-22 11:00:00,812.1340863787375
2019-09-22 12:00:00,811.3885658914729
2019-09-22 13:00:00,807.9641749723145
2019-09-22 14:00:00,807.6
2019-09-22 15:00:00,805.6357751937984
2019-09-22 16:00:00,818.3165060908084
2019-09-22 17:00:00,821.8034219269103
2019-09-22 18:00:00,821.3678183831672
2019-09-22 19:00:00,823.6493632336656
2019-09-22 20:00:00,824.8965946843854
2019-09-22 21:00:00,825.8742358803987
2019-09-22 22:00:00,827.1797840531561
2019-09-22 23:00:00,827.3923311184939
2019-09-23 00:00:00,826.9927796234773
2019-09-23 01:00:00,826.7278239202658
2019-09-23 02:00:00,826.6172369878184
2019-09-23 03:00:00,826.6887043189369
2019-09-23 04:00:00,823.1841147540983
2019-09-23 05:00:00,823.3709551495017
2019-09-23 06:00:00,823.9484136212625
2019-09-23 07:00:00,823.919634551495
2019-09-23 08:00:00,826.4262735326689
2019-09-23 09:00:00,822.3617607973422
2019-09-23 10:00:00,819.273546511628
2019-09-23 11:00:00,810.6769656699889
2019-09-23 12:00:00,815.1010382059801
2019-09-23 13:00:00,810.9641528239202
2019-09-23 14:00:00,810.2498205980066
2019-09-23 15:00:00,813.3253488372093
2019-09-23 16:00:00,815.5073289036545
2019-09-23 17:00:00,815.1152624584718
2019-09-23 18:00:00,816.8734551495016
2019-09-23 19:00:00,818.5928970099668
2019-09-23 20:00:00,820.3984053156146
2019-09-23 21:00:00,821.8264053156146
2019-09-23 22:00:00,823.0842657807309
2019-09-23 23:00:00,823.8010232558139
2019-09-24 00:00:00,824.2791561461794
2019-09-24 01:00:00,824.2265514950166
2019-09-24 02:00:00,824.2877475083056
2019-09-24 03:00:00,824.4704252491695
2019-09-24 04:00:00,822.4048554913295
2019-09-24 05:00:00,822.7639700996677
2019-09-24 06:00:00,823.4651162790698
2019-09-24 07:00:00,823.8675498338871
2019-09-24 08:00:00,821.6712975206611
2019-09-24 09:00:00,819.445157807309
2019-09-24 10:00:00,818.554011627907
2019-09-24 11:00:00,814.9113687707642
2019-09-24 12:00:00,811.7482990033222
2019-09-24 13:00:00,811.0595415282392
2019-09-24 14:00:00,807.0371295681064
2019-09-24 15:00:00,813.3908106312292
2019-09-24 16:00:00,806.3940265780731
2019-09-24 17:00:00,813.4379933554817
2019-09-24 18:00:00,813.1594352159468
2019-09-24 19:00:00,819.1604916943521
2019-09-24 20:00:00,821.1461328903655
2019-09-24 21:00:00,822.1873953488372
2019-09-24 22:00:00,823.2639468438538
2019-09-24 23:00:00,824.0390631229236
2019-09-25 00:00:00,824.0498139534884
2019-09-25 01:00:00,824.0201993355482
2019-09-25 02:00:00,823.9551029900332
2019-09-25 03:00:00,824.0047441860465
2019-09-25 04:00:00,824.581561461794
2019-09-25 05:00:00,825.0066644518272
2019-09-25 06:00:00,825.6862192691029
2019-09-25 07:00:00,825.4287707641196
2019-09-25 08:00:00,824.1074817275747
2019-09-25 09:00:00,821.0519202657807
2019-09-25 10:00:00,816.8070166112957
2019-09-25 11:00:00,806.1647674418605
2019-09-25 12:00:00,813.3253986710963
2019-09-25 13:00:00,810.1346622369878
2019-09-25 14:00:00,806.797757475083
2019-09-25 15:00:00,811.0268881506091
2019-09-25 16:00:00,807.4277242524917
2019-09-25 17:00:00,813.1977851605759
2019-09-25 18:00:00,816.0928516057586
2019-09-25 19:00:00,818.2122093023256
2019-09-25 20:00:00,822.9373532668882
2019-09-25 21:00:00,824.1419822812846
2019-09-25 22:00:00,824.0700775193799
2019-09-25 23:00:00,824.3897286821706
2019-09-26 00:00:00,825.2383333333333
2019-09-26 01:00:00,825.3683222591362
2019-09-26 02:00:00,825.1198560354375
2019-09-26 03:00:00,824.8157696566999
2019-09-26 04:00:00,825.2241638981174
2019-09-26 05:00:00,825.8453931339977
2019-09-26 06:00:00,826.6127906976744
2019-09-26 07:00:00,826.9308471760797
2019-09-26 08:00:00,824.9389313399779
2019-09-26 09:00:00,821.0296124031008
2019-09-26 10:00:00,818.4114396456257
2019-09-26 11:00:00,815.8496124031008
2019-09-26 12:00:00,812.1515669988926
2019-09-26 13:00:00,809.1645404208195
2019-09-26 14:00:00,812.895227021041
2019-09-26 15:00:00,807.9399501661129
2019-09-26 16:00:00,817.1793023255814
2019-09-26 17:00:00,817.3082724252491
2019-09-26 18:00:00,817.6540199335548
2019-09-26 19:00:00,822.1648781838317
2019-09-26 20:00:00,822.8780177187153
2019-09-26 21:00:00,824.2361683277962
2019-09-26 22:00:00,825.1695736434109
2019-09-26 23:00:00,826.1807585825028
2019-09-27 00:00:00,826.4240143964563
2019-09-27 01:00:00,826.5808582502768
2019-09-27 02:00:00,826.6591362126246
2019-09-27 03:00:00,826.6892746400886
2019-09-27 04:00:00,827.7079180509413
2019-09-27 05:00:00,828.2199667774087
2019-09-27 06:00:00,828.6069933554817
2019-09-27 07:00:00,829.1257364341085
2019-09-27 08:00:00,827.3146124031008
2019-09-27 09:00:00,825.3894186046512
2019-09-27 10:00:00,821.8149501661129
2019-09-27 11:00:00,814.0303322259136
2019-09-27 12:00:00,816.8083222591362
2019-09-27 13:00:00,814.8295764119601
2019-09-27 14:00:00,813.1398255813954
2019-09-27 15:00:00,814.6551993355482
2019-09-27 16:00:00,817.8133803986711
2019-09-27 17:00:00,817.9562624584718
2019-09-27 18:00:00,818.5191777408638
2019-09-27 19:00:00,819.4371262458471
2019-09-27 20:00:00,820.86823089701
2019-09-27 21:00:00,821.778330564784
2019-09-27 22:00:00,822.4003405315615
2019-09-27 23:00:00,822.3315448504983
2019-09-28 00:00:00,822.7183637873754
2019-09-28 01:00:00,822.8534551495017
2019-09-28 02:00:00,823.1457558139535
2019-09-28 03:00:00,823.4656478405316
2019-09-28 04:00:00,823.8495099667774
2019-09-28 05:00:00,823.716926910299
2019-09-28 06:00:00,824.5888122923589
2019-09-28 07:00:00,824.8245182724253
2019-09-28 08:00:00,823.8630813953488
2019-09-28 09:00:00,818.6962126245847
2019-09-28 10:00:00,818.28
2019-09-28 11:00:00,816.3832059800665
2019-09-28 12:00:00,814.0037873754153
2019-09-28 13:00:00,812.6608554817276
2019-09-28 14:00:00,809.318696013289
2019-09-28 15:00:00,808.8023338870432
2019-09-28 16:00:00,808.8619933554817
2019-09-28 17:00:00,811.666196013289
2019-09-28 18:00:00,813.2212126245847
2019-09-28 19:00:00,815.4151744186047
2019-09-28 20:00:00,817.8005481727574
2019-09-28 21:00:00,817.7124418604651
2019-09-28 22:00:00,820.5450249169435
2019-09-28 23:00:00,821.2598504983389
2019-09-29 00:00:00,819.586403654485
2019-09-29 01:00:00,820.5004485049834
2019-09-29 02:00:00,820.8930813953489
2019-09-29 03:00:00,820.8661295681063
2019-09-29 04:00:00,821.3245016611296
2019-09-29 05:00:00,821.738438538206
2019-09-29 06:00:00,822.1808720930233
2019-09-29 07:00:00,822.4687209302325
2019-09-29 08:00:00,820.9791943521594
2019-09-29 09:00:00,816.5990531561462
2019-09-29 10:00:00,816.6208720930233
2019-09-29 11:00:00,814.493438538206
2019-09-29 12:00:00,812.7825913621263
2019-09-29 13:00:00,809.231096345515
2019-09-29 14:00:00,807.60853820598
2019-09-29 15:00:00,806.7578903654485
2019-09-29 16:00:00,806.3036627906977
2019-09-29 17:00:00,805.2721013289037
2019-09-29 18:00:00,807.5414202657807
2019-09-29 19:00:00,813.1322093023256
2019-09-29 20:00:00,814.4076744186046
2019-09-29 21:00:00,816.9443023255814
2019-09-29 22:00:00,818.223438538206
2019-09-29 23:00:00,818.9223837209303
2019-09-30 00:00:00,819.5286212624585
2019-09-30 01:00:00,819.6969601328904
2019-09-30 02:00:00,819.7032225913621
2019-09-30 03:00:00,820.3765780730897
2019-09-30 04:00:00,821.1407142857142
2019-09-30 05:00:00,822.585207641196
2019-09-30 06:00:00,822.4282724252491
2019-09-30 07:00:00,822.0665697674418
2019-09-30 08:00:00,820.0230315614618
2019-09-30 09:00:00,815.7741611295681
2019-09-30 10:00:00,815.6776744186046
2019-09-30 11:00:00,804.7631229235881
2019-09-30 12:00:00,814.3769102990033
2019-09-30 13:00:00,812.4546622369878
2019-09-30 14:00:00,809.2702513661202
2019-09-30 15:00:00,808.6679623477298
2019-09-30 16:00:00,811.0927574750831
2019-09-30 17:00:00,811.5240282392026
2019-09-30 18:00:00,812.5573255813954
2019-09-30 19:00:00,816.9745431893688
2019-09-30 20:00:00,818.1553820598007
2019-09-30 21:00:00,818.6469518272426
2019-09-30 22:00:00,823.6257408637874
2019-09-30 23:00:00,824.6385913621262
2019-10-01 00:00:00,824.9550299003322
2019-10-01 01:00:00,824.416292358804
2019-10-01 02:00:00,824.2469900332226
2019-10-01 03:00:00,824.9764518272425
2019-10-01 04:00:00,824.9318671096346
2019-10-01 05:00:00,826.3602059800664
2019-10-01 06:00:00,826.7898604651162
2019-10-01 07:00:00,826.7388970099668
2019-10-01 08:00:00,821.7780332225914
2019-10-01 09:00:00,815.1014119601329
2019-10-01 10:00:00,814.1462990033223
2019-10-01 11:00:00,813.4233222591362
2019-10-01 12:00:00,807.5810299003323
2019-10-01 13:00:00,808.225561461794
2019-10-01 14:00:00,817.5996212624585
2019-10-01 15:00:00,817.3883787375415
2019-10-01 16:00:00,813.4197009966778
2019-10-01 17:00:00,806.9132159468438
2019-10-01 18:00:00,814.3470431893687
2019-10-01 19:00:00,817.235926910299
2019-10-01 20:00:00,818.7505249169435
2019-10-01 21:00:00,820.7769833887044
2019-10-01 22:00:00,821.1667973421927
2019-10-01 23:00:00,822.8023189368771
2019-10-02 00:00:00,822.5439933554817
2019-10-02 01:00:00,823.328219269103
2019-10-02 02:00:00,823.5717275747509
2019-10-02 03:00:00,823.66940199335545
2019-10-02 04:00:00,824.2988704318936
2019-10-02 05:00:00,825.8090166112956
2019-10-02 06:00:00,827.257122923588
2019-10-02 07:00:00,826.3014617940199
2019-10-02 08:00:00,822.3620265780731
2019-10-02 09:00:00,816.5551295681063
2019-10-02 10:00:00,818.1543632336655
2019-10-02 11:00:00,804.7974916943522
2019-10-02 12:00:00,811.5809102990033
2019-10-02 13:00:00,810.8801794019934
2019-10-02 14:00:00,809.8866710963455
2019-10-02 15:00:00,810.6240199335548
2019-10-02 16:00:00,808.8124335548173
2019-10-02 17:00:00,813.1771827242525
2019-10-02 18:00:00,815.7237940199335
2019-10-02 19:00:00,819.5786976744185
2019-10-02 20:00:00,822.0131428571428
2019-10-02 21:00:00,823.4016411960133
2019-10-02 22:00:00,825.0015946843854
2019-10-02 23:00:00,822.9904318936877
2019-10-03 00:00:00,824.4589501661129
2019-10-03 01:00:00,825.5359468438538
2019-10-03 02:00:00,826.0324916943522
2019-10-03 03:00:00,825.8980265780731
2019-10-03 04:00:00,826.1765249169435
2019-10-03 05:00:00,825.5237873754153
2019-10-03 06:00:00,826.5187441860465
2019-10-03 07:00:00,826.3943521594684
2019-10-03 08:00:00,823.5520930232558
2019-10-03 09:00:00,817.5856279069767
2019-10-03 10:00:00,816.0865913621262
2019-10-03 11:00:00,812.5576146179402
2019-10-03 12:00:00,814.0695282392027
2019-10-03 13:00:00,811.910803986711
2019-10-03 14:00:00,812.2773089700996
2019-10-03 15:00:00,810.808219269103
2019-10-03 16:00:00,810.5320996677741
2019-10-03 17:00:00,811.057049833887
2019-10-03 18:00:00,815.1653023255814
2019-10-03 19:00:00,818.1379667774087
2019-10-03 20:00:00,818.8500863787375
2019-10-03 21:00:00,821.2306046511628
2019-10-03 22:00:00,822.466976744186
2019-10-03 23:00:00,824.4524717607974
2019-10-04 00:00:00,823.9639069767442
2019-10-04 01:00:00,823.2215016611295
2019-10-04 02:00:00,823.1018338870432
2019-10-04 03:00:00,823.3727906976744
2019-10-04 04:00:00,821.5699833887044
2019-10-04 05:00:00,821.9320431893688
2019-10-04 06:00:00,822.7514784053157
2019-10-04 07:00:00,822.4711710963455
2019-10-04 08:00:00,822.1065033222592
2019-10-04 09:00:00,820.2897674418605
2019-10-04 10:00:00,817.2115365448504
2019-10-04 11:00:00,822.0050166112957
2019-10-04 12:00:00,817.0143521594684
2019-10-04 13:00:00,816.0824119601328
2019-10-04 14:00:00,815.2895348837209
2019-10-04 15:00:00,814.8367043189369
2019-10-04 16:00:00,815.028292358804
2019-10-04 17:00:00,812.2731295681064
2019-10-04 18:00:00,814.2526245847176
2019-10-04 19:00:00,819.4850365448505
2019-10-04 20:00:00,820.7643189368771
2019-10-04 21:00:00,822.3467375415282
2019-10-04 22:00:00,823.8017740863787
2019-10-04 23:00:00,823.9557674418604
2019-10-05 00:00:00,824.2256744186046
2019-10-05 01:00:00,824.0992225913621
2019-10-05 02:00:00,823.739707641196
2019-10-05 03:00:00,822.9236677740864
2019-10-05 04:00:00,822.9467109634552
2019-10-05 05:00:00,823.33
2019-10-05 06:00:00,823.4221129568107
2019-10-05 07:00:00,823.7048704318937
2019-10-05 08:00:00,822.1698671096345
2019-10-05 09:00:00,819.0420681063123
2019-10-05 10:00:00,817.0386046511628
2019-10-05 11:00:00,815.8395930232558
2019-10-05 12:00:00,814.4787707641196
2019-10-05 13:00:00,812.7468521594684
2019-10-05 14:00:00,811.8281976744186
2019-10-05 15:00:00,812.2173588039867
2019-10-05 16:00:00,808.9498588039867
2019-10-05 17:00:00,810.2231395348837
2019-10-05 18:00:00,816.184792358804
2019-10-05 19:00:00,817.6735215946844
2019-10-05 20:00:00,818.8604485049834
2019-10-05 21:00:00,819.9273338870432
2019-10-05 22:00:00,821.2477823920266
2019-10-05 23:00:00,820.9757973421927
2019-10-06 00:00:00,817.5387458745874
2019-10-06 01:00:00,810.8038870431893
2019-10-06 02:00:00,810.0829900332226
2019-10-06 03:00:00,810.777342192691
2019-10-06 04:00:00,811.3508471760797
2019-10-06 05:00:00,811.0180897009967
2019-10-06 06:00:00,809.9516112956811
2019-10-06 07:00:00,810.6367109634551
2019-10-06 08:00:00,811.5211129568106
2019-10-06 09:00:00,817.4223588039868
2019-10-06 10:00:00,820.8791915836102
2019-10-06 11:00:00,816.6454568315172
2019-10-06 12:00:00,815.2045766974015
2019-10-06 13:00:00,813.9065046102263
2019-10-06 14:00:00,818.8655322715842
2019-10-06 15:00:00,816.8982397317686
2019-10-06 16:00:00,814.3027796234772
2019-10-06 17:00:00,814.4031146179402
2019-10-06 18:00:00,815.4985299003322
2019-10-06 19:00:00,818.0586710963455
2019-10-06 20:00:00,819.7553986710964
2019-10-06 21:00:00,820.6818023255814
2019-10-06 22:00:00,817.9644383259912
2019-10-06 23:00:00,811.2360465116279
2019-10-07 00:00:00,811.5440697674419
2019-10-07 01:00:00,832.9741558441558
2019-10-07 02:00:00,832.9816943521595
2019-10-07 03:00:00,833.5622259136213
2019-10-07 04:00:00,833.1728571428572
2019-10-07 05:00:00,835.3936877076412
2019-10-07 06:00:00,836.6954485049833
2019-10-07 07:00:00,837.4577740863788
2019-10-07 08:00:00,833.7737873754153
2019-10-07 09:00:00,820.500553709856
2019-10-07 10:00:00,820.195137816979
2019-10-07 11:00:00,818.7206727574751
2019-10-07 12:00:00,819.9071760797342
2019-10-07 14:00:00,816.1368936877076
2019-10-07 15:00:00,812.9813289036545
2019-10-07 16:00:00,817.2136378737541
2019-10-07 17:00:00,820.9994352159468
2019-10-07 18:00:00,821.2904318936877
2019-10-07 19:00:00,824.5205647840531
2019-10-07 20:00:00,826.8249335548172
2019-10-07 21:00:00,827.861976744186
2019-10-07 22:00:00,830.8992524916944
2019-10-07 23:00:00,833.4335049833887
2019-10-08 00:00:00,834.3820930232558
2019-10-08 01:00:00,834.8863725490196
2019-10-08 02:00:00,835.0584717607974
2019-10-08 03:00:00,835.02
2019-10-08 10:00:00,818.2464867109635
2019-10-08 11:00:00,814.3465315614618
2019-10-08 12:00:00,812.5532159468438
2019-10-08 13:00:00,810.8044584717608
2019-10-08 14:00:00,808.242292358804
2019-10-08 15:00:00,807.8427774086379
2019-10-08 16:00:00,807.5317142857143
2019-10-08 17:00:00,809.9107242524917
2019-10-08 18:00:00,812.4908172757475
2019-10-08 19:00:00,815.4393953488373
2019-10-08 20:00:00,817.3067043189369
2019-10-08 21:00:00,818.6882790697674
2019-10-08 22:00:00,819.953634551495
2019-10-08 23:00:00,819.7371096345515
2019-10-09 00:00:00,822.7123255813954
2019-10-09 01:00:00,823.4598936877077
2019-10-09 02:00:00,824.352099667774
2019-10-09 03:00:00,823.6532358803987
2019-10-09 04:00:00,822.7943056478406
2019-10-09 05:00:00,823.864830564784
2019-10-09 06:00:00,821.6324169435215
2019-10-09 07:00:00,835.506699669967
2019-10-09 08:00:00,830.336234772979
2019-10-09 09:00:00,828.5030897009967
2019-10-09 10:00:00,806.6056478405316
2019-10-09 11:00:00,816.2949723145072
2019-10-09 12:00:00,813.2547570850203
2019-10-09 13:00:00,813.535869324474
2019-10-09 14:00:00,811.8268491735537
2019-10-09 15:00:00,809.4746179401993
2019-10-09 16:00:00,807.115801056338
2019-10-09 17:00:00,811.0505426356589
2019-10-09 18:00:00,810.0516509837468
2019-10-09 19:00:00,812.74
2019-10-09 20:00:00,817.2954401993355
2019-10-09 21:00:00,819.180365448505
2019-10-09 22:00:00,820.2131976744186
2019-10-09 23:00:00,819.6790448504984
2019-10-10 00:00:00,819.8660631229236
2019-10-10 01:00:00,820.6148089700997
2019-10-10 02:00:00,820.9502990033222
2019-10-10 03:00:00,820.8426827242525
2019-10-10 04:00:00,820.8520514950167
2019-10-10 05:00:00,833.7527533039647
2019-10-10 06:00:00,834.289811738649
2019-10-10 07:00:00,833.9537541528239
2019-10-10 08:00:00,832.5530786267996
2019-10-10 09:00:00,825.7668881506091
2019-10-10 10:00:00,818.7640531561461
2019-10-10 11:00:00,814.1018139534883
2019-10-10 12:00:00,814.6805581395349
2019-10-10 13:00:00,812.304073089701
2019-10-10 14:00:00,816.5183853820598
2019-10-10 15:00:00,819.3213156146179
2019-10-10 16:00:00,818.0734750830565
2019-10-10 17:00:00,816.6240531561461
2019-10-10 18:00:00,818.0261262458472
2019-10-10 19:00:00,819.810392026578
2019-10-10 20:00:00,819.4360299003322
2019-10-10 21:00:00,828.95503875969
2019-10-10 22:00:00,829.9795348837209
2019-10-10 23:00:00,830.4294736842105
2019-10-11 00:00:00,830.039634551495
2019-10-11 01:00:00,829.4683720930233
2019-10-11 02:00:00,829.1163122923588
2019-10-11 03:00:00,829.3123920265781
2019-10-11 04:00:00,830.136146179402
2019-10-11 05:00:00,830.0240863787376
2019-10-11 06:00:00,830.99853820598
2019-10-11 07:00:00,831.1708637873754
2019-10-11 08:00:00,828.9222259136212
2019-10-11 09:00:00,828.3478405315615
2019-10-11 10:00:00,822.7055813953489
2019-10-11 11:00:00,816.2150166112957
2019-10-11 12:00:00,816.8103322259136
2019-10-11 13:00:00,815.1408970099668
2019-10-11 14:00:00,811.4378626799557
2019-10-11 15:00:00,810.1658970099668
2019-10-11 16:00:00,811.6033997785161
2019-10-11 17:00:00,812.3568327796235
2019-10-11 18:00:00,818.977796234773
2019-10-11 19:00:00,824.2101661129568
2019-10-11 20:00:00,826.6000110741971
2019-10-11 21:00:00,827.7193687707642
2019-10-11 22:00:00,831.2342857142858
2019-10-11 23:00:00,831.02426910299
2019-10-12 00:00:00,829.4835049833887
2019-10-12 01:00:00,830.0935714285714
2019-10-12 02:00:00,829.6140697674418
2019-10-12 03:00:00,829.1338704318937
2019-10-12 04:00:00,829.5618106312293
2019-10-12 05:00:00,829.8719601328903
2019-10-12 06:00:00,830.5770598006644
2019-10-12 07:00:00,830.949584717608
2019-10-12 08:00:00,828.4634219269103
2019-10-12 09:00:00,821.0605481727574
2019-10-12 10:00:00,816.3058250276855
2019-10-12 11:00:00,814.1985160575858
2019-10-12 12:00:00,819.4066888150609
2019-10-12 13:00:00,825.462569213732
2019-10-12 14:00:00,816.919169435216
2019-10-12 15:00:00,813.2081506090808
2019-10-12 16:00:00,815.4775858250276
2019-10-12 17:00:00,812.7224252491694
2019-10-12 18:00:00,817.7958139534884
2019-10-12 19:00:00,825.3540199335548
2019-10-12 20:00:00,829.8617829457364
2019-10-12 21:00:00,832.9675913621262
2019-10-12 22:00:00,833.2576245847176
2019-10-12 23:00:00,833.6472425249169
2019-10-13 00:00:00,833.6391029900333
2019-10-13 01:00:00,832.2588372093023
2019-10-13 02:00:00,831.4889534883721
2019-10-13 03:00:00,831.2996013289037
2019-10-13 04:00:00,831.6664451827243
2019-10-13 05:00:00,833.2342358803987
2019-10-13 06:00:00,834.2294518272425
2019-10-13 07:00:00,833.6230897009967
2019-10-13 08:00:00,829.6067774086379
2019-10-13 09:00:00,819.8346179401993
2019-10-13 10:00:00,815.2485548172757
2019-10-13 11:00:00,811.0853156146179
2019-10-13 12:00:00,806.5138870431894
2019-10-13 13:00:00,815.9351993355482
2019-10-13 14:00:00,816.6466777408638
2019-10-13 15:00:00,811.5753322259136
2019-10-13 16:00:00,812.973073089701
2019-10-13 17:00:00,821.1715946843854
2019-10-13 18:00:00,821.2517109634551
2019-10-13 19:00:00,827.0762790697675
2019-10-13 20:00:00,830.0448338870432
2019-10-13 21:00:00,831.4782392026578
2019-10-13 22:00:00,831.9238039867109
2019-10-13 23:00:00,832.2012126245847
2019-10-14 00:00:00,833.426926910299
2019-10-14 01:00:00,834.0450332225913
2019-10-14 02:00:00,833.8669601328903
2019-10-14 03:00:00,832.8296511627907
2019-10-14 04:00:00,831.8601661129568
2019-10-14 05:00:00,832.0840365448505
2019-10-14 06:00:00,832.3998338870432
2019-10-14 07:00:00,832.4294019933554
2019-10-14 08:00:00,829.7950332225913
2019-10-14 09:00:00,824.1569933554817
2019-10-14 10:00:00,817.0165946843854
2019-10-14 11:00:00,809.4771428571429
2019-10-14 12:00:00,819.3224916943522
2019-10-14 13:00:00,814.8021760797342
2019-10-14 14:00:00,816.0028737541528
2019-10-14 15:00:00,812.3016279069767
2019-10-14 16:00:00,812.797707641196
2019-10-14 17:00:00,815.7348172757476
2019-10-14 18:00:00,815.5809745293466
2019-10-14 19:00:00,816.6473643410852
2019-10-14 20:00:00,817.0176854928018
2019-10-14 21:00:00,817.8279955703211
2019-10-14 22:00:00,818.535681063123
2019-10-14 23:00:00,819.1584274640088
2019-10-15 00:00:00,819.2457475083056
2019-10-15 01:00:00,819.0511295681063
2019-10-15 02:00:00,832.415
2019-10-15 03:00:00,833.6657475083057
2019-10-15 04:00:00,833.128853820598
2019-10-15 05:00:00,832.6913787375415
2019-10-15 06:00:00,835.0101661129568
2019-10-15 07:00:00,834.8465282392027
2019-10-15 08:00:00,830.3516777408638
2019-10-15 09:00:00,822.2435880398671
2019-10-15 10:00:00,820.7901993355482
2019-10-15 11:00:00,821.4547286821705
2019-10-15 12:00:00,816.9622702104098
2019-10-15 13:00:00,816.4361572535992
2019-10-15 14:00:00,813.8754595791805
2019-10-15 15:00:00,812.91788482835
2019-10-15 16:00:00,812.3070431893688
2019-10-15 17:00:00,813.0805094130676
2019-10-15 18:00:00,812.6731561461794
2019-10-15 19:00:00,814.3593687707641
2019-10-15 20:00:00,815.7518161683278
2019-10-15 21:00:00,816.2425470653378
2019-10-15 22:00:00,816.8729678848283
2019-10-15 23:00:00,817.2277408637874
2019-10-16 00:00:00,817.5886932447397
2019-10-16 01:00:00,817.9036987818383
2019-10-16 02:00:00,817.3569878183831
2019-10-16 03:00:00,817.369180509413
2019-10-16 04:00:00,817.6032004429679
2019-10-16 05:00:00,818.1205094130676
2019-10-16 06:00:00,818.6964784053156
2019-10-16 07:00:00,819.1311849390919
2019-10-16 08:00:00,818.5540199335549
2019-10-16 09:00:00,816.0430786267996
2019-10-16 11:00:00,817.2970542635659
2019-10-16 12:00:00,816.6475858250277
2019-10-16 13:00:00,815.71642303433
2019-10-16 14:00:00,813.6505758582502
2019-10-16 15:00:00,812.7223145071982
2019-10-16 16:00:00,811.9849612403101
2019-10-16 17:00:00,812.5090033222591
2019-10-16 18:00:00,813.6202436323366
2019-10-16 19:00:00,814.5854928017719
2019-10-16 20:00:00,815.1442967884828
2019-10-16 21:00:00,815.8638316722038
2019-10-16 22:00:00,816.9816611295681
2019-10-16 23:00:00,817.4015946843854
2019-10-17 00:00:00,817.4495791805094
2019-10-17 01:00:00,817.4812403100775
2019-10-17 02:00:00,818.1352159468438
2019-10-17 03:00:00,833.9583554817276
2019-10-17 04:00:00,833.5987209302326
2019-10-17 05:00:00,832.7504318936877
2019-10-17 06:00:00,832.8753820598007
2019-10-17 07:00:00,832.9257475083057
2019-10-17 08:00:00,826.3126910299003
2019-10-17 09:00:00,816.3536544850498
2019-10-17 10:00:00,819.3371982281285
2019-10-17 11:00:00,809.2326910299004
2019-10-17 12:00:00,804.1666943521594
2019-10-17 13:00:00,802.7664119601329
2019-10-17 14:00:00,802.5741528239203
2019-10-17 15:00:00,808.6111794019934
2019-10-17 16:00:00,810.3317774086379
2019-10-17 17:00:00,814.7230066445183
2019-10-17 18:00:00,822.8392524916943
2019-10-17 19:00:00,826.4209136212625
2019-10-17 20:00:00,828.5740199335548
2019-10-17 21:00:00,827.9328571428572
2019-10-17 22:00:00,829.6385714285715
2019-10-17 23:00:00,829.6056478405316
2019-10-18 00:00:00,828.6954817275747
2019-10-18 01:00:00,830.6909800664451
2019-10-18 02:00:00,832.5216611295681
2019-10-18 03:00:00,836.9931395348838
2019-10-18 04:00:00,835.5743355481727
2019-10-18 05:00:00,835.2928737541529
2019-10-18 06:00:00,835.6866445182724
2019-10-18 07:00:00,836.0255647840531
2019-10-18 08:00:00,830.9171262458472
2019-10-18 09:00:00,827.0675083056478
2019-10-18 10:00:00,820.3423255813954
2019-10-18 11:00:00,816.0523588039867
2019-10-18 12:00:00,811.306511627907
2019-10-18 14:00:00,814.0932890365449
2019-10-18 15:00:00,821.3699003322259
2019-10-18 16:00:00,822.7678073089701
2019-10-18 17:00:00,821.7043521594685
2019-10-18 18:00:00,823.9754152823921
2019-10-18 19:00:00,828.306611295681
2019-10-18 20:00:00,830.0508970099668
2019-10-18 21:00:00,829.9983056478405
2019-10-18 22:00:00,830.227242524917
2019-10-18 23:00:00,831.415415282392
2019-10-19 00:00:00,832.0268438538207
2019-10-19 01:00:00,831.9152159468439
2019-10-19 02:00:00,830.1550830564784
2019-10-19 03:00:00,829.9788372093024
2019-10-19 04:00:00,829.8185714285714
2019-10-19 05:00:00,831.2109634551495
2019-10-19 06:00:00,830.8694352159469
2019-10-19 07:00:00,831.1187707641196
2019-10-19 08:00:00,829.9279069767442
2019-10-19 09:00:00,826.2633222591362
2019-10-19 10:00:00,817.1319933554818
2019-10-19 11:00:00,824.0689202657808
2019-10-19 12:00:00,821.9547508305648
2019-10-19 13:00:00,820.9167607973422
2019-10-19 14:00:00,819.956561461794
2019-10-19 15:00:00,809.5251162790697
2019-10-19 16:00:00,813.0145847176079
2019-10-19 17:00:00,808.5774086378738
2019-10-19 18:00:00,810.8654983388705
2019-10-19 19:00:00,809.8271262458471
2019-10-19 20:00:00,810.7581893687708
2019-10-19 21:00:00,812.104634551495
2019-10-19 22:00:00,812.7210631229236
2019-10-19 23:00:00,813.145
2019-10-20 00:00:00,813.6258803986711
2019-10-20 01:00:00,813.2206312292359
2019-10-20 02:00:00,813.3706312292359
2019-10-20 03:00:00,813.3598671096346
2019-10-20 04:00:00,813.2483554817276
2019-10-20 05:00:00,813.2068438538206
2019-10-20 06:00:00,813.3389534883721
2019-10-20 07:00:00,813.3675581395349
2019-10-20 08:00:00,815.0337541528239
2019-10-20 09:00:00,818.8627906976744
2019-10-20 10:00:00,818.7988704318936
2019-10-20 11:00:00,826.073488372093
2019-10-20 12:00:00,820.6371594684385
2019-10-20 13:00:00,817.6638870431893
2019-10-20 14:00:00,811.987392026578
2019-10-20 15:00:00,814.3235049833887
2019-10-20 16:00:00,812.6001827242525
2019-10-20 17:00:00,815.5527740863787
2019-10-20 18:00:00,813.0413621262459
2019-10-20 19:00:00,811.5215448504983
2019-10-20 20:00:00,812.5987043189368
2019-10-20 21:00:00,813.607292358804
2019-10-20 22:00:00,813.7707142857142
2019-10-20 23:00:00,813.3959634551495
2019-10-21 00:00:00,813.5248172757475
2019-10-21 01:00:00,812.9360465116279
2019-10-21 02:00:00,813.1712292358804
2019-10-21 03:00:00,813.1422259136212
2019-10-21 04:00:00,813.218754152824
2019-10-21 05:00:00,813.2849003322259
2019-10-21 06:00:00,813.0588039867109
2019-10-21 07:00:00,813.6513455149502
2019-10-21 08:00:00,814.6490365448504
2019-10-21 09:00:00,816.0700664451828
2019-10-21 10:00:00,818.634950166113
2019-10-21 11:00:00,819.5168604651162
2019-10-21 12:00:00,820.406196013289
2019-10-21 13:00:00,817.4399667774086
2019-10-21 15:00:00,809.4912458471761
2019-10-21 16:00:00,809.6581063122924
2019-10-21 17:00:00,810.8859468438538
2019-10-21 18:00:00,810.9294518272425
2019-10-21 19:00:00,795.5475083056479
2019-10-21 20:00:00,795.3739867109634
2019-10-21 21:00:00,796.2731893687708
2019-10-21 22:00:00,794.7382724252492
2019-10-21 23:00:00,790.7579401993355
2019-10-22 00:00:00,793.8727242524917
2019-10-22 01:00:00,794.0624252491695
2019-10-22 02:00:00,796.5706976744186
2019-10-22 03:00:00,797.4429568106312
2019-10-22 04:00:00,797.2962126245848
2019-10-22 05:00:00,795.6845514950166
2019-10-22 06:00:00,795.3024916943522
2019-10-22 07:00:00,793.9529235880399
2019-10-22 08:00:00,801.4069767441861
2019-10-22 09:00:00,811.2267774086379
2019-10-22 10:00:00,822.2508803986711
2019-10-22 11:00:00,821.5719102990033
2019-10-22 12:00:00,822.5868438538206
2019-10-22 13:00:00,818.1764617940199
2019-10-22 14:00:00,812.7211627906977
2019-10-22 15:00:00,810.2118106312292
2019-10-22 16:00:00,811.5248671096346
2019-10-22 17:00:00,812.4189700996678
2019-10-22 18:00:00,809.693338870432
2019-10-22 19:00:00,810.3459302325581
2019-10-22 20:00:00,811.1044684385382
2019-10-22 21:00:00,811.8878239202658
2019-10-22 22:00:00,811.34460132890365
2019-10-22 23:00:00,790.2895439739414
2019-10-23 00:00:00,789.231096345515
2019-10-23 01:00:00,791.2144186046512
2019-10-23 02:00:00,791.33059800664455
2019-10-23 03:00:00,790.4895348837209
2019-10-23 04:00:00,792.7729900332226
2019-10-23 05:00:00,795.4103322259136
2019-10-23 06:00:00,795.3305647840532
2019-10-23 07:00:00,794.8461129568107
2019-10-23 08:00:00,800.2961129568106
2019-10-23 09:00:00,808.6449833887043
2019-10-23 10:00:00,823.4528571428572
2019-10-23 11:00:00,819.5314451827243
2029-11-09 17:00:00,826.1742654028436
2029-11-09 18:00:00,827.0947301587302
2029-11-09 19:00:00,828.0028253968254
2029-11-09 20:00:00,829.2535873015873
2029-11-09 21:00:00,831.6084444444444
2029-11-09 22:00:00,832.256261682243
2097-02-16 20:00:00,830.8730331753554
2097-02-16 21:00:00,830.4923492063492
2097-02-16 22:00:00,829.7159047619048
2097-02-16 23:00:00,829.1721587301587
2097-02-17 00:00:00,829.5318412698413
2097-02-17 01:00:00,830.2265079365079
2097-02-17 02:00:00,828.8944126984127
2097-02-17 03:00:00,824.1946666666666
2097-02-17 04:00:00,816.5508571428571
2097-02-17 05:00:00,816.290126984127
2097-02-17 06:00:00,817.3748181818182
2097-02-18 16:00:00,828.2582718894009
2097-02-18 17:00:00,820.4974741573034
2097-02-18 18:00:00,822.4855976544881
2097-02-18 19:00:00,824.2121505376344
2097-02-18 20:00:00,828.3816788321168
2097-02-18 21:00:00,829.130831758034
2097-02-18 22:00:00,829.2603068783069
2097-02-18 23:00:00,829.3008994708995
2097-02-19 00:00:00,829.0920105820106
2097-02-19 01:00:00,826.3750265251989
2097-02-19 02:00:00,823.1834285714285
2097-02-19 03:00:00,829.4521951219513
2097-02-19 04:00:00,832.3153636363636
